,pH,Temprature,Taste,Odor,Fat,Turbidity,Colour
331,6.8,40,1,0,1,0,245
44,6.6,45,0,0,0,1,250
307,6.8,45,1,1,1,0,245
323,9.0,43,1,0,1,1,250
1009,9.0,43,1,0,1,1,250
909,6.6,37,1,1,1,1,255
365,6.8,45,0,1,0,0,240
532,7.4,65,0,0,0,0,255
761,6.7,45,1,1,0,0,247
306,6.6,38,0,0,0,0,255
436,6.6,38,1,0,1,0,255
479,6.6,38,1,0,1,0,255
704,3.0,40,1,0,0,0,255
954,6.6,37,1,0,1,0,255
457,9.5,34,1,1,0,1,255
855,9.0,43,1,1,1,1,248
209,6.7,45,1,1,0,0,247
1036,6.8,40,1,1,1,1,255
1028,6.6,37,1,0,1,0,255
388,4.7,38,1,0,1,0,255
982,6.5,36,0,0,1,0,255
408,9.0,43,1,1,1,1,248
60,6.5,38,1,0,1,0,255
361,8.5,70,0,0,0,0,246
991,6.8,45,0,1,0,0,240
92,6.6,50,0,0,0,0,255
652,6.8,41,0,0,1,0,255
868,9.5,34,1,1,0,1,255
525,7.4,90,1,0,1,1,255
712,6.8,45,0,1,1,1,255
494,6.8,45,1,1,1,1,245
723,3.0,40,1,1,1,1,255
519,4.5,60,0,1,1,1,250
649,6.6,37,1,0,1,0,255
799,3.0,40,1,1,1,1,255
969,6.7,45,1,1,0,0,247
904,4.7,38,1,0,1,0,255
793,9.0,43,1,0,1,1,250
529,6.7,50,1,1,1,0,245
299,6.5,38,1,1,1,1,255
516,6.5,37,0,0,0,0,255
182,6.6,37,1,1,1,1,255
933,6.5,37,0,0,0,0,255
275,6.5,36,0,0,0,0,247
110,3.0,40,1,1,1,1,255
350,6.5,38,1,0,0,0,255
548,8.1,66,1,0,1,1,255
926,9.0,43,1,1,1,1,248
531,6.6,45,0,1,0,0,255
754,6.8,45,1,1,1,0,245
655,6.7,38,1,0,1,0,255
261,6.8,36,0,1,1,0,253
439,6.8,40,1,0,1,0,245
497,8.5,70,0,0,0,0,246
867,6.8,45,1,1,1,0,245
137,6.6,37,1,0,1,0,255
635,6.5,38,1,0,0,0,255
819,6.5,38,1,0,1,0,255
305,6.5,36,0,0,0,0,247
693,6.5,35,1,0,1,0,246
588,6.6,50,0,0,0,1,250
29,6.6,37,1,0,1,0,255
165,6.7,41,1,0,0,0,247
248,8.6,55,0,1,1,1,255
656,3.0,40,1,1,1,1,255
695,8.5,70,0,0,0,0,246
528,6.7,41,1,0,0,0,247
355,6.6,45,0,1,1,1,250
614,6.8,38,0,0,0,0,255
534,6.5,38,1,1,1,1,255
65,6.8,45,0,0,0,1,255
714,6.6,38,1,0,1,0,255
906,9.0,43,1,0,1,1,250
254,9.0,43,1,0,1,1,250
925,3.0,40,1,0,0,0,255
447,6.8,40,1,0,1,0,245
221,6.8,45,0,1,1,1,255
235,6.5,37,0,0,0,0,245
554,6.8,55,0,0,0,1,255
551,3.0,40,1,1,1,1,255
362,6.8,34,0,0,0,1,240
596,6.6,37,1,1,1,1,255
988,6.8,34,0,0,0,1,240
249,6.8,45,0,0,0,1,255
736,6.6,35,0,1,1,1,255
425,6.6,35,0,1,1,1,255
71,6.8,40,1,0,1,0,245
94,9.5,34,1,1,0,1,255
33,6.7,41,1,0,0,0,247
888,4.5,38,0,1,1,1,255
259,6.8,45,1,1,1,1,245
204,6.5,37,0,0,0,0,255
464,8.1,66,1,0,1,1,255
630,3.0,40,1,1,1,1,255
381,3.0,40,1,1,1,1,255
77,6.8,36,0,1,1,0,253
84,6.8,41,0,0,1,0,255
354,6.8,40,1,0,1,0,245
82,6.8,45,0,1,0,0,240
428,6.5,38,1,0,1,0,255
449,6.5,36,0,0,1,0,255
752,6.5,36,0,0,0,0,247
568,6.8,34,0,0,0,1,240
377,6.8,45,0,0,0,1,255
644,6.5,50,1,0,1,0,246
344,6.7,38,1,0,1,0,255
5,6.6,37,1,1,1,1,255
310,6.6,37,1,1,1,1,255
557,4.7,38,1,0,1,0,255
104,5.6,50,0,1,1,1,255
97,6.5,37,0,0,0,0,255
835,4.7,38,1,0,1,0,255
507,9.0,43,1,1,1,1,248
314,6.7,45,1,1,0,0,247
440,6.6,45,0,0,0,1,250
950,6.8,36,0,1,1,0,253
281,6.5,37,0,0,0,0,255
266,4.5,38,0,1,1,1,255
514,6.5,37,0,0,0,0,255
706,6.5,38,1,0,1,0,255
535,6.8,38,0,0,0,0,255
634,6.8,45,0,1,1,1,255
958,6.5,38,1,1,1,1,255
616,9.0,43,1,1,1,1,248
118,9.0,43,1,0,1,1,250
451,6.8,45,1,1,1,1,245
250,6.8,45,0,1,1,1,255
448,6.6,45,0,1,1,1,250
285,8.1,66,1,0,1,1,255
916,8.6,55,0,1,1,1,255
9,6.7,45,1,1,0,0,247
398,8.5,70,0,0,0,0,246
196,8.6,55,0,1,1,1,255
662,4.7,38,1,0,1,0,255
81,6.6,37,1,0,1,0,255
781,5.5,45,1,0,1,1,250
541,6.6,38,0,0,0,0,255
678,6.7,38,1,0,1,0,255
239,6.8,41,0,0,1,0,255
359,6.5,35,1,0,1,0,246
211,5.6,50,0,1,1,1,255
785,6.7,45,1,1,1,0,245
442,6.6,38,0,0,1,0,255
527,6.5,38,1,0,1,0,255
227,6.6,45,0,1,1,1,250
938,6.7,45,1,1,0,0,247
959,6.6,38,0,0,0,0,255
420,4.5,60,0,1,1,1,250
922,6.8,41,0,0,0,0,255
177,6.5,36,0,0,0,0,247
1023,6.5,35,1,0,1,0,246
481,9.0,43,1,0,1,1,250
590,6.6,50,0,0,0,0,255
886,6.6,45,0,1,1,1,250
390,9.0,43,1,0,1,1,250
411,6.5,36,0,0,0,0,247
453,6.8,36,0,1,1,0,253
7,4.5,60,0,1,1,1,250
155,5.5,45,1,0,1,1,250
357,4.5,38,0,1,1,1,255
947,4.5,38,0,1,1,1,255
223,4.7,38,1,0,1,0,255
329,3.0,40,1,1,1,1,255
545,6.6,37,1,1,1,1,255
594,9.5,34,1,1,0,1,255
852,6.5,38,1,1,1,1,255
495,6.5,35,1,0,1,0,246
621,6.8,45,1,1,1,0,245
542,6.8,45,1,1,1,0,245
413,6.8,45,1,1,1,0,245
633,6.8,55,0,0,0,1,255
1022,6.8,45,1,1,1,1,245
622,9.5,34,1,1,0,1,255
636,4.7,38,1,0,1,0,255
589,6.5,36,0,0,0,0,247
653,6.5,38,1,1,1,1,255
773,6.8,45,0,1,1,1,255
730,5.5,45,1,0,1,1,250
163,6.8,50,0,0,1,0,255
228,6.5,36,0,0,1,0,255
493,4.5,38,0,1,1,1,255
798,4.7,38,1,0,1,0,255
212,8.6,55,0,1,1,1,255
882,4.7,38,1,0,1,0,255
79,6.8,34,0,0,0,1,240
148,6.6,50,0,0,0,0,255
302,9.0,43,1,1,1,1,248
572,7.4,65,0,0,0,0,255
774,6.5,38,1,0,0,0,255
875,6.7,38,1,0,1,0,255
423,6.7,45,1,1,1,0,245
43,6.8,40,1,1,1,1,255
944,6.8,40,1,0,1,0,245
133,6.8,36,0,1,1,0,253
602,5.6,50,0,1,1,1,255
311,5.5,45,1,0,1,1,250
522,6.7,45,1,1,1,0,245
665,6.8,40,1,0,1,0,245
983,4.5,38,0,1,1,1,255
898,3.0,40,1,1,1,1,255
823,8.6,55,0,1,1,1,255
0,6.6,35,1,0,1,0,254
360,6.8,36,0,1,1,0,253
382,9.0,43,1,0,1,1,250
316,5.6,50,0,1,1,1,255
941,8.6,55,0,1,1,1,255
599,8.1,66,1,0,1,1,255
424,5.6,50,0,1,1,1,255
582,6.8,41,0,0,1,0,255
1021,4.5,38,0,1,1,1,255
707,6.7,38,1,0,1,0,255
172,6.8,38,0,0,0,0,255
125,6.8,36,0,1,1,0,253
485,6.6,38,0,0,1,0,255
1002,6.5,38,1,0,0,0,255
604,7.4,90,1,0,1,1,255
987,8.5,70,0,0,0,0,246
90,6.6,50,0,0,0,1,250
1026,6.8,34,0,0,0,1,240
181,6.5,37,0,0,0,0,255
363,6.5,37,0,0,0,0,245
274,6.6,50,0,0,0,1,250
777,9.0,43,1,0,1,1,250
978,3.0,40,1,1,1,1,255
69,3.0,40,1,1,1,1,255
291,6.8,50,0,0,1,0,255
131,6.8,45,1,1,1,1,245
300,6.8,38,0,0,0,0,255
1012,6.5,36,0,0,1,0,255
326,6.8,45,0,1,1,1,255
144,9.0,43,1,1,1,1,248
845,8.5,70,0,0,0,0,246
808,8.5,70,0,0,0,0,246
700,7.4,65,0,0,0,0,255
135,6.8,34,0,0,0,1,240
501,6.8,45,0,1,0,0,240
893,7.4,65,0,0,0,0,255
164,6.5,38,1,0,1,0,255
28,6.5,37,0,0,0,0,245
615,3.0,40,1,0,0,0,255
193,6.7,38,1,0,1,0,255
477,6.8,45,0,1,1,1,255
697,6.5,37,0,0,0,0,245
433,6.8,45,0,0,0,1,255
1024,6.8,36,0,1,1,0,253
169,7.4,65,0,0,0,0,255
549,6.7,45,1,1,0,0,247
140,6.8,41,0,0,1,0,255
173,3.0,40,1,0,0,0,255
6,5.5,45,1,0,1,1,250
977,4.7,38,1,0,1,0,255
543,9.5,34,1,1,0,1,255
711,6.8,45,0,0,0,1,255
828,3.0,40,1,1,1,1,255
73,6.5,36,0,0,1,0,255
889,6.8,45,1,1,1,1,245
728,4.5,38,0,1,1,1,255
238,7.4,65,0,0,0,0,255
145,6.8,40,1,1,1,1,255
866,6.6,38,0,0,0,0,255
234,6.8,34,0,0,0,1,240
220,6.8,45,0,0,0,1,255
214,6.8,45,0,0,1,0,255
722,4.7,38,1,0,1,0,255
132,6.5,35,1,0,1,0,246
1056,3.0,40,1,1,1,1,255
504,6.5,38,1,1,1,1,255
717,6.8,40,1,0,1,0,245
422,6.7,45,1,1,0,0,247
185,8.1,66,1,0,1,1,255
41,3.0,40,1,0,0,0,255
703,6.6,38,0,0,0,0,255
108,6.5,38,1,0,1,0,255
873,8.1,66,1,0,1,1,255
56,5.6,50,0,1,1,1,255
499,6.5,37,0,0,0,0,245
764,8.6,55,0,1,1,1,255
617,6.8,40,1,1,1,1,255
483,6.6,45,0,0,0,1,250
468,6.6,35,0,1,1,1,255
1007,6.5,37,0,0,0,0,255
435,6.5,38,1,0,0,0,255
24,6.8,35,1,0,1,0,246
513,9.5,34,1,1,0,1,255
526,6.8,50,0,0,1,0,255
581,6.6,43,1,0,1,1,250
677,6.5,38,1,0,1,0,255
759,4.5,60,0,1,1,1,250
1013,6.8,45,0,1,1,1,255
338,6.7,45,1,1,1,0,245
51,5.5,45,1,0,1,1,250
383,6.8,40,1,0,1,0,245
1020,6.5,36,0,0,1,0,255
1005,9.0,43,1,0,1,1,250
692,6.8,45,1,1,1,1,245
1011,6.6,45,0,1,1,1,250
264,6.6,45,0,1,1,1,250
587,6.8,40,1,1,1,1,255
1019,6.6,45,0,1,1,1,250
1041,6.6,40,1,0,0,0,255
444,6.5,55,1,0,1,0,246
395,6.8,45,1,1,1,1,245
176,6.6,45,0,0,0,1,250
18,9.0,43,1,0,1,1,250
708,3.0,40,1,1,1,1,255
757,6.6,37,1,1,1,1,255
61,6.7,38,1,0,1,0,255
272,9.0,43,1,1,1,1,248
967,6.5,40,1,0,0,0,250
278,9.5,34,1,1,0,1,255
368,6.5,38,1,1,1,1,255
945,6.6,45,0,1,1,1,250
628,6.7,45,1,1,0,0,247
597,5.5,45,1,0,1,1,250
667,6.6,37,1,1,1,1,255
1033,6.6,38,0,0,0,0,255
456,6.8,45,1,1,1,0,245
393,6.5,36,0,0,1,0,255
694,6.8,36,0,1,1,0,253
734,6.7,45,1,1,1,0,245
375,6.6,43,1,0,1,1,250
412,6.6,50,0,0,0,0,255
74,4.5,38,0,1,1,1,255
963,6.7,38,1,0,1,0,255
500,6.6,37,1,0,1,0,255
613,6.5,38,1,1,1,1,255
114,6.8,45,0,1,1,1,255
417,6.5,37,0,0,0,0,255
89,6.8,40,1,1,1,1,255
1006,6.8,40,1,0,1,0,245
948,6.8,45,1,1,1,1,245
664,9.0,43,1,0,1,1,250
670,8.1,66,1,0,1,1,255
11,5.6,50,0,1,1,1,255
396,6.5,35,1,0,1,0,246
583,6.5,38,1,1,1,1,255
42,9.0,43,1,1,1,1,248
167,6.8,45,0,1,1,1,255
416,9.5,34,1,1,0,1,255
827,6.6,38,1,0,1,0,255
426,7.4,90,1,0,1,1,255
544,6.5,37,0,0,0,0,255
964,3.0,40,1,1,1,1,255
1039,6.6,50,0,0,0,0,255
749,9.0,43,1,1,1,1,248
803,6.5,36,0,0,1,0,255
257,6.5,36,0,0,1,0,255
335,4.5,60,0,1,1,1,250
15,6.5,38,1,0,0,0,255
688,6.8,40,1,0,1,0,245
324,8.6,55,0,1,1,1,255
1030,7.4,65,0,0,0,0,255
222,6.5,38,1,0,0,0,255
179,6.8,45,1,1,1,0,245
99,5.5,45,1,0,1,1,250
521,6.7,45,1,1,0,0,247
22,4.5,38,0,1,1,1,255
356,6.5,36,0,0,1,0,255
731,4.5,60,0,1,1,1,250
943,9.0,43,1,0,1,1,250
915,5.6,50,0,1,1,1,255
340,8.6,55,0,1,1,1,255
431,6.6,43,1,0,1,1,250
668,5.5,45,1,0,1,1,250
913,6.7,45,1,1,0,0,247
203,6.8,40,1,0,1,0,245
900,8.6,55,0,1,1,1,255
93,6.8,45,1,1,1,0,245
611,7.4,65,0,0,0,0,255
68,4.7,38,1,0,1,0,255
876,3.0,40,1,1,1,1,255
284,4.5,60,0,1,1,1,250
879,6.8,55,0,0,0,1,255
434,6.8,45,0,1,1,1,255
153,6.5,37,0,0,0,0,255
75,6.8,45,1,1,1,1,245
800,9.0,43,1,0,1,1,250
580,3.0,40,1,1,1,1,255
446,8.5,70,0,0,0,0,246
188,5.6,50,0,1,1,1,255
271,6.8,34,0,0,0,1,240
236,6.6,37,1,0,1,0,255
487,6.5,55,1,0,1,0,246
559,9.0,43,1,0,1,1,250
117,3.0,40,1,1,1,1,255
894,6.8,41,0,0,1,0,255
512,6.8,45,1,1,1,0,245
605,6.8,50,0,0,1,0,255
847,6.5,37,0,1,1,1,245
126,8.5,70,0,0,0,0,246
116,6.6,38,1,0,1,0,255
473,3.0,40,1,1,1,1,255
758,5.5,45,1,0,1,1,250
57,8.6,55,0,1,1,1,255
603,6.6,35,0,1,1,1,255
739,6.5,38,1,0,1,0,255
996,6.7,38,1,0,1,0,255
369,6.6,38,0,0,0,0,255
268,6.5,35,1,0,1,0,246
46,6.6,38,0,0,0,0,255
349,6.8,45,0,1,1,1,255
195,9.0,43,1,0,1,1,250
102,6.7,45,1,1,0,0,247
914,6.7,45,1,1,1,0,245
756,6.5,37,0,0,0,0,255
825,6.8,45,0,1,1,1,255
263,6.8,40,1,0,1,0,245
994,6.5,38,1,1,1,1,255
443,6.8,45,1,1,1,1,245
740,6.7,41,1,0,0,0,247
304,6.6,45,0,0,0,1,250
341,7.4,90,1,0,1,1,255
657,9.0,43,1,0,1,1,250
313,8.1,66,1,0,1,1,255
149,6.8,45,1,1,1,0,245
124,6.5,55,1,0,1,0,246
1058,8.6,55,0,1,1,1,255
899,6.6,43,0,0,1,0,250
50,6.6,37,1,1,1,1,255
353,9.0,43,1,0,1,1,250
1014,6.5,38,1,0,0,0,255
142,6.6,38,0,0,0,0,255
470,6.8,50,0,0,1,0,255
399,6.8,34,0,0,0,1,240
684,6.5,38,1,0,0,0,255
320,6.5,38,1,0,1,0,255
19,6.8,40,1,0,1,0,245
885,6.8,40,1,0,1,0,245
864,6.6,50,0,0,0,1,250
884,9.0,43,1,0,1,1,250
407,3.0,40,1,0,0,0,255
537,9.0,43,1,1,1,1,248
679,3.0,40,1,1,1,1,255
38,6.8,41,0,0,0,0,255
175,6.8,40,1,1,1,1,255
245,6.7,38,1,0,1,0,255
907,6.8,40,1,0,1,0,245
732,8.1,66,1,0,1,1,255
824,6.8,45,0,0,0,1,255
940,5.6,50,0,1,1,1,255
154,6.6,37,1,1,1,1,255
638,9.0,43,1,0,1,1,250
287,6.7,45,1,1,1,0,245
625,5.5,45,1,0,1,1,250
661,6.5,38,1,0,0,0,255
569,6.5,37,0,0,0,0,245
813,7.4,65,0,0,0,0,255
17,3.0,40,1,1,1,1,255
127,6.8,40,1,0,1,0,245
322,3.0,40,1,1,1,1,255
255,6.8,40,1,0,1,0,245
721,6.5,38,1,0,0,0,255
1042,9.0,43,1,1,1,1,248
190,7.4,90,1,0,1,1,255
115,6.5,38,1,0,0,0,255
675,7.4,90,1,0,1,1,255
606,6.5,38,1,0,1,0,255
180,9.5,34,1,1,0,1,255
301,3.0,40,1,0,0,0,255
830,6.8,40,1,0,1,0,245
780,6.6,37,1,1,1,1,255
792,3.0,40,1,1,1,1,255
750,6.8,40,1,1,1,1,255
979,9.0,43,1,0,1,1,250
517,6.6,37,1,1,1,1,255
372,6.5,38,1,0,1,0,255
45,6.5,36,0,0,0,0,247
993,6.8,41,0,0,1,0,255
157,8.1,66,1,0,1,1,255
814,6.8,41,0,0,1,0,255
171,6.5,38,1,1,1,1,255
16,4.7,38,1,0,1,0,255
511,6.6,50,0,0,0,0,255
48,9.5,34,1,1,0,1,255
191,6.8,45,0,0,1,0,255
920,8.6,55,0,1,0,0,255
515,9.5,34,1,1,0,1,255
745,6.8,41,0,0,0,0,255
788,7.4,90,1,0,1,1,255
480,3.0,40,1,1,1,1,255
283,5.5,45,1,0,1,1,250
786,5.6,50,0,1,1,1,255
716,9.0,43,1,0,1,1,250
225,9.0,43,1,0,1,1,250
26,8.5,70,0,0,0,0,246
986,6.8,36,0,1,1,0,253
437,3.0,40,1,1,1,1,255
1031,6.8,41,0,0,1,0,255
364,6.6,37,1,0,1,0,255
229,4.5,38,0,1,1,1,255
37,7.4,65,0,0,0,0,255
669,4.5,60,0,1,1,1,250
1043,6.8,40,1,1,1,1,255
374,3.0,40,1,1,1,1,255
469,7.4,90,1,0,1,1,255
1057,6.8,43,1,0,1,0,250
687,9.0,43,1,0,1,1,250
1003,4.7,38,1,0,1,0,255
1050,6.6,37,1,1,1,1,255
872,6.5,40,1,0,0,0,250
194,3.0,40,1,1,1,1,255
936,4.5,60,0,1,1,1,250
946,6.5,36,0,0,1,0,255
503,6.8,41,0,0,1,0,255
1045,6.5,36,0,0,0,0,247
910,5.5,45,1,0,1,1,250
579,6.7,38,1,0,1,0,255
160,5.6,50,0,1,1,1,255
680,9.0,43,1,0,1,1,250
974,6.8,55,0,0,0,1,255
162,7.4,90,1,0,1,1,255
705,9.0,43,1,1,1,1,248
767,6.5,38,1,0,1,0,255
152,9.5,34,1,1,0,1,255
746,6.5,38,1,1,1,1,255
765,7.4,90,1,0,1,1,255
934,6.6,37,1,1,1,1,255
111,6.6,43,1,0,1,1,250
226,6.8,40,1,0,1,0,245
753,6.6,38,0,0,0,0,255
103,6.7,45,1,1,1,0,245
421,8.1,66,1,0,1,1,255
419,5.5,45,1,0,1,1,250
820,6.7,38,1,0,1,0,255
586,9.0,43,1,1,1,1,248
854,3.0,40,1,0,0,0,255
672,6.7,45,1,1,1,0,245
119,6.8,40,1,0,1,0,245
53,8.1,66,1,0,1,1,255
151,6.5,37,0,0,0,0,255
403,7.4,65,0,0,0,0,255
1051,5.5,45,1,0,1,1,250
207,4.5,60,0,1,1,1,250
658,8.6,55,0,1,1,1,255
924,6.8,38,0,0,0,0,255
834,6.5,38,1,0,0,0,255
8,8.1,66,1,0,1,1,255
883,6.6,40,1,1,1,1,255
36,8.6,55,0,1,0,0,255
452,6.5,35,1,0,1,0,246
651,7.4,65,0,0,0,0,255
253,3.0,40,1,1,1,1,255
303,6.8,40,1,1,1,1,255
816,6.6,38,0,0,0,0,255
571,6.8,45,0,1,0,0,240
623,6.5,37,0,0,0,0,255
1008,3.0,40,1,1,1,1,255
787,8.6,55,0,1,1,1,255
262,8.5,70,0,0,0,0,246
610,6.6,45,0,1,0,0,255
297,7.4,65,0,0,0,0,255
414,9.5,34,1,1,0,1,255
150,9.5,34,1,1,0,1,255
984,6.8,45,1,1,1,1,245
640,6.6,45,0,1,1,1,250
972,6.8,43,1,0,1,0,250
550,6.7,38,1,0,1,0,255
865,6.5,36,0,0,0,0,247
488,6.8,36,0,1,1,0,253
710,8.6,55,0,1,1,1,255
147,6.5,36,0,0,0,0,247
146,6.6,50,0,0,0,1,250
789,6.8,45,0,0,1,0,255
1018,6.8,40,1,0,1,0,245
809,6.8,34,0,0,0,1,240
966,8.6,55,0,1,1,1,255
659,6.8,45,0,0,0,1,255
770,9.0,43,1,0,1,1,250
348,6.8,45,0,0,0,1,255
463,4.5,60,0,1,1,1,250
325,6.8,45,0,0,0,1,255
186,6.7,45,1,1,0,0,247
123,6.8,45,1,1,1,1,245
935,5.5,45,1,0,1,1,250
608,6.7,50,1,1,1,0,245
143,3.0,40,1,0,0,0,255
751,6.6,45,0,0,0,1,250
1038,6.5,36,0,0,0,0,247
197,6.8,45,0,0,0,1,255
609,6.8,45,0,1,1,1,255
279,6.5,37,0,0,0,0,255
293,6.7,41,1,0,0,0,247
911,6.5,40,0,0,1,0,250
400,6.5,37,0,0,0,0,245
122,6.6,38,0,0,1,0,255
183,5.5,45,1,0,1,1,250
202,9.0,43,1,0,1,1,250
438,9.0,43,1,0,1,1,250
246,3.0,40,1,1,1,1,255
415,6.5,37,0,0,0,0,255
850,7.4,65,0,0,0,0,255
837,9.0,43,1,0,1,1,250
990,6.6,37,1,0,1,0,255
841,4.5,38,0,1,1,1,255
970,6.7,38,1,0,1,0,255
129,6.5,36,0,0,1,0,255
637,3.0,40,1,1,1,1,255
402,6.8,45,0,1,0,0,240
858,6.5,36,0,0,0,0,247
844,6.8,36,0,1,1,0,253
735,5.6,50,0,1,1,1,255
997,3.0,40,1,1,1,1,255
219,8.6,55,0,1,1,1,255
641,6.5,36,0,0,1,0,255
999,8.6,55,0,1,1,1,255
822,6.6,43,1,0,1,1,250
881,6.5,38,1,0,0,0,255
1004,3.0,40,1,1,1,1,255
624,6.6,37,1,1,1,1,255
918,6.7,50,1,1,1,0,245
832,6.5,36,0,0,1,0,255
386,6.8,45,0,1,1,1,255
1047,6.8,45,1,1,1,0,245
806,6.5,35,1,0,1,0,246
509,6.6,50,0,0,0,1,250
267,6.8,45,1,1,1,1,245
895,6.5,38,1,1,1,1,255
441,6.5,36,0,0,1,0,255
496,6.8,36,0,1,1,0,253
829,9.0,43,1,0,1,1,250
112,8.6,55,0,1,1,1,255
691,4.5,38,0,1,1,1,255
232,6.8,36,0,1,1,0,253
951,8.5,70,0,0,0,0,246
607,6.7,41,1,0,0,0,247
671,6.7,45,1,1,0,0,247
373,6.7,38,1,0,1,0,255
826,6.5,38,1,0,0,0,255
663,3.0,40,1,1,1,1,255
923,6.5,38,1,1,1,1,255
233,8.5,70,0,0,0,0,246
818,9.0,43,1,1,1,1,248
859,6.6,50,0,0,0,0,255
676,6.8,45,0,0,1,0,255
317,8.6,55,0,1,1,1,255
648,6.5,37,0,0,0,0,245
410,6.6,50,0,0,0,1,250
981,6.6,45,0,1,1,1,250
709,6.6,43,1,0,1,1,250
358,6.8,45,1,1,1,1,245
258,6.6,38,0,0,1,0,255
744,7.4,65,0,0,0,0,255
627,8.1,66,1,0,1,1,255
632,8.6,55,0,1,1,1,255
282,6.6,37,1,1,1,1,255
376,8.6,55,0,1,1,1,255
384,6.6,45,0,0,0,1,250
224,3.0,40,1,1,1,1,255
1035,9.0,43,1,1,1,1,248
890,6.5,50,1,0,1,0,246
472,6.7,38,1,0,1,0,255
347,8.6,55,0,1,1,1,255
505,6.6,38,0,0,0,0,255
639,6.8,40,1,0,1,0,245
1054,6.7,45,1,1,0,0,247
797,6.5,38,1,0,0,0,255
1015,4.7,38,1,0,1,0,255
989,6.5,37,0,0,0,0,245
619,6.5,36,0,0,0,0,247
937,8.1,66,1,0,1,1,255
971,3.0,40,1,1,1,1,255
645,6.8,36,0,1,1,0,253
927,6.8,40,1,1,1,1,255
556,6.5,38,1,0,0,0,255
681,8.6,55,0,1,1,1,255
577,9.0,43,1,1,1,1,248
795,6.8,45,0,0,0,1,255
85,6.5,38,1,1,1,1,255
242,3.0,40,1,0,0,0,255
698,6.6,37,1,0,1,0,255
956,7.4,65,0,0,0,0,255
159,6.7,45,1,1,1,0,245
524,6.6,35,0,1,1,1,255
35,6.8,45,0,1,1,1,255
540,6.5,36,0,0,0,0,247
170,6.8,41,0,0,0,0,255
654,6.6,38,0,0,0,0,255
973,8.6,55,0,1,1,1,255
939,6.7,45,1,1,1,0,245
928,6.6,45,0,0,0,1,250
484,6.5,36,0,0,1,0,255
733,6.7,45,1,1,0,0,247
95,6.5,37,0,0,0,0,255
563,4.5,38,0,1,1,1,255
240,6.5,38,1,1,1,1,255
742,6.8,45,0,1,1,1,255
863,6.8,40,1,1,1,1,255
574,6.5,38,1,1,1,1,255
690,6.5,36,0,0,1,0,255
460,6.5,37,0,0,0,0,255
891,6.6,37,1,0,1,0,255
553,8.6,55,0,1,1,1,255
857,6.6,50,0,0,0,1,250
960,3.0,40,1,0,0,0,255
206,5.5,45,1,0,1,1,250
392,6.6,45,0,1,1,1,250
794,8.6,55,0,1,1,1,255
870,6.6,37,1,1,1,1,255
397,6.8,36,0,1,1,0,253
766,6.8,45,0,0,1,0,255
932,9.5,34,1,1,0,1,255
217,3.0,40,1,1,1,1,255
4,6.6,37,0,0,0,0,255
768,6.7,38,1,0,1,0,255
642,4.5,38,0,1,1,1,255
980,6.8,40,1,0,1,0,245
612,6.8,41,0,0,0,0,255
738,6.8,50,0,0,1,0,255
546,5.5,45,1,0,1,1,250
725,6.8,40,1,0,1,0,245
1001,6.8,45,0,1,1,1,255
683,6.8,45,0,1,1,1,255
98,6.6,37,1,1,1,1,255
804,4.5,38,0,1,1,1,255
727,6.5,36,0,0,1,0,255
573,6.8,41,0,0,1,0,255
406,6.6,38,0,0,0,0,255
502,7.4,65,0,0,0,0,255
47,6.8,45,1,1,1,0,245
32,6.8,42,1,1,1,1,255
929,6.5,36,0,0,0,0,247
779,6.5,37,0,0,0,0,255
839,6.6,45,0,1,1,1,250
200,4.7,38,1,0,1,0,255
134,8.5,70,0,0,0,0,246
27,6.6,34,0,0,0,1,240
962,6.5,38,1,0,1,0,255
230,6.8,45,1,1,1,1,245
489,8.5,70,0,0,0,0,246
772,6.8,45,0,0,0,1,255
378,6.8,45,0,1,1,1,255
288,5.6,50,0,1,1,1,255
418,6.6,37,1,1,1,1,255
674,8.6,55,0,1,1,1,255
391,6.8,40,1,0,1,0,245
592,9.5,34,1,1,0,1,255
498,6.8,34,0,0,0,1,240
138,6.8,45,0,1,0,0,240
62,3.0,40,1,1,1,1,255
471,6.5,38,1,0,1,0,255
647,6.8,34,0,0,0,1,240
128,6.6,45,0,1,1,1,250
1049,6.5,37,0,0,0,0,255
520,8.1,66,1,0,1,1,255
838,6.8,40,1,0,1,0,245
1040,6.8,45,1,1,1,0,245
64,8.6,55,0,1,1,1,255
812,6.8,45,0,1,0,0,240
14,6.8,45,0,1,1,1,255
156,4.5,60,0,1,1,1,250
40,6.8,38,0,0,0,0,255
492,6.5,36,0,0,1,0,255
379,6.5,38,1,0,0,0,255
187,6.7,45,1,1,1,0,245
763,5.6,50,0,1,1,1,255
216,6.7,38,1,0,1,0,255
921,7.4,65,0,0,0,0,255
791,6.7,38,1,0,1,0,255
52,4.5,60,0,1,1,1,250
878,8.6,55,0,1,1,1,255
337,6.7,45,1,1,0,0,247
748,3.0,40,1,0,0,0,255
719,6.5,36,0,0,1,0,255
724,9.0,43,1,0,1,1,250
295,6.8,45,0,1,1,1,255
701,6.8,41,0,0,1,0,255
251,6.5,38,1,0,0,0,255
726,6.6,45,0,1,1,1,250
461,6.6,37,1,1,1,1,255
455,6.6,50,0,0,0,0,255
270,8.5,70,0,0,0,0,246
815,6.5,38,1,1,1,1,255
862,9.0,43,1,1,1,1,248
269,6.8,36,0,1,1,0,253
1032,6.5,38,1,1,1,1,255
201,3.0,40,1,1,1,1,255
161,6.6,35,0,1,1,1,255
555,6.8,45,0,1,1,1,255
729,6.8,45,1,1,1,1,245
401,6.6,37,1,0,1,0,255
702,6.5,38,1,1,1,1,255
476,6.8,45,0,0,0,1,255
821,6.6,40,0,0,0,0,255
771,8.6,55,0,1,1,1,255
105,6.6,35,0,1,1,1,255
565,6.5,50,1,0,1,0,246
389,3.0,40,1,1,1,1,255
1,6.6,36,0,1,0,1,253
1025,8.5,70,0,0,0,0,246
1052,6.5,40,1,0,0,0,250
561,6.6,45,0,1,1,1,250
931,6.8,45,1,1,1,0,245
80,6.5,37,0,0,0,0,245
205,6.6,37,1,1,1,1,255
34,6.7,50,1,1,1,0,245
942,6.6,45,1,0,0,1,255
775,4.7,38,1,0,1,0,255
508,6.8,40,1,1,1,1,255
427,6.8,50,0,0,1,0,255
454,8.5,70,0,0,0,0,246
1046,6.6,38,0,0,0,0,255
366,7.4,65,0,0,0,0,255
91,6.5,36,0,0,0,0,247
339,5.6,50,0,1,1,1,255
897,6.7,38,1,0,1,0,255
564,6.8,45,1,1,1,1,245
345,3.0,40,1,1,1,1,255
776,3.0,40,1,1,1,1,255
1017,9.0,43,1,0,1,1,250
241,6.6,38,0,0,0,0,255
13,7.4,90,1,0,1,1,255
315,6.7,45,1,1,1,0,245
600,6.7,45,1,1,0,0,247
387,6.5,38,1,0,0,0,255
166,6.7,50,1,1,1,0,245
840,6.5,36,0,0,1,0,255
20,6.6,45,0,1,1,1,250
646,8.5,70,0,0,0,0,246
831,6.6,45,0,1,1,1,250
562,6.5,36,0,0,1,0,255
1034,3.0,40,1,0,0,0,255
686,3.0,40,1,1,1,1,255
957,6.8,41,1,1,1,0,255
189,8.6,55,0,1,1,1,255
975,6.8,45,0,1,1,1,255
699,6.8,45,0,1,0,0,240
510,6.5,36,0,0,0,0,247
474,6.6,43,1,0,1,1,250
856,6.8,40,1,1,1,1,255
747,6.8,38,0,0,0,0,255
252,6.6,38,1,0,1,0,255
21,6.5,36,0,0,1,0,255
459,9.5,34,1,1,0,1,255
276,6.6,50,0,0,0,0,255
955,6.8,45,0,1,0,0,240
385,6.5,36,0,0,1,0,255
805,6.8,45,1,1,1,1,245
343,6.5,38,1,0,1,0,255
769,3.0,40,1,1,1,1,255
130,4.5,38,0,1,1,1,255
871,5.5,45,1,0,1,1,250
87,3.0,40,1,0,0,0,255
330,9.0,43,1,0,1,1,250
466,6.7,45,1,1,1,0,245
121,6.5,36,0,0,1,0,255
1044,6.6,50,0,0,0,1,250
860,6.8,45,1,1,1,0,245
