,Fire Alarm
53090,0
39120,1
14619,1
46811,1
59190,0
31215,1
9924,1
1876,0
47726,1
54292,0
34869,1
37856,1
54386,0
46013,1
29391,1
8281,1
55769,0
42049,1
34684,1
51395,0
22474,1
19177,1
7186,1
15095,1
20527,1
34506,1
38466,1
41717,1
36901,1
36579,1
29094,1
61168,0
37540,1
4948,1
58226,0
25981,0
27286,0
7442,1
5290,1
11326,1
990,0
52112,0
712,0
56868,0
18741,1
26606,0
47273,1
36529,1
9793,1
36463,1
29612,1
25134,0
23459,1
27385,0
61417,0
41045,1
14508,1
33500,1
56361,0
52676,0
55826,0
19815,1
55155,0
35122,1
37626,1
10754,1
56624,0
4234,1
5188,1
50224,1
42874,1
52122,0
19304,1
27046,0
47965,1
22356,1
24178,1
18442,1
13737,1
59544,0
52383,0
33855,1
7423,1
32514,1
57876,0
30336,1
36399,1
52595,0
43311,1
47408,1
43759,1
22468,1
60285,0
24107,1
61217,0
6740,1
13102,1
13298,1
59789,0
61466,0
33935,1
36404,1
19339,1
39980,1
51687,0
62266,0
3436,1
19508,1
26023,0
37907,1
21932,1
6378,1
24359,1
29620,1
2407,0
16313,1
50117,1
40653,1
50168,1
10776,1
24673,1
5824,1
61789,0
49460,1
60321,0
49136,1
9786,1
33271,1
48522,1
3186,1
44159,1
13223,1
15955,1
47489,1
4268,1
51870,0
35248,1
62094,0
52284,0
16449,1
42550,1
52659,0
19259,1
4331,1
33649,1
17090,1
21579,1
18149,1
11854,1
42950,1
7503,1
3128,0
37973,1
1854,0
15195,1
17413,1
36966,1
30322,1
42900,1
30992,1
41376,1
56829,0
44684,1
54966,0
4774,1
1890,0
10931,1
54110,0
1039,0
26252,0
54640,0
30652,1
26463,0
54198,0
31755,1
10793,1
17988,1
55285,0
14901,1
12784,1
34073,1
9666,1
2698,0
34517,1
55998,0
54215,0
47136,1
1173,0
26850,0
55407,0
56469,0
17472,1
12532,1
58586,0
20595,1
10755,1
28663,1
52742,0
35466,1
37552,1
57688,0
27039,0
18227,1
5650,1
30942,1
57673,0
24738,1
23924,1
54422,0
19816,1
20251,1
12154,1
36934,1
6303,1
26693,0
56821,0
17789,1
13338,1
27494,0
22910,1
17065,1
11589,1
44456,1
40340,1
49389,1
15951,1
1311,0
51603,0
11103,1
47501,1
41342,1
59793,0
14420,1
43618,1
44040,1
35259,1
60799,0
56657,0
18504,1
37256,1
61812,0
39842,1
4788,1
9524,1
40900,1
55305,0
44422,1
57194,0
20771,1
5024,1
26326,0
52055,0
33211,1
20373,1
61643,0
51493,0
15674,1
44899,1
55184,0
12880,1
33852,1
10450,1
42269,1
9552,1
48551,1
26787,0
34821,1
38961,1
60757,0
29956,1
12139,1
47067,1
42873,1
57413,0
30633,1
55530,0
3983,1
21015,1
25542,0
48361,1
610,0
18962,1
53161,0
37228,1
23264,1
54619,0
49201,1
29199,1
47686,1
58362,0
4946,1
18606,1
56902,0
52501,0
46348,1
23445,1
33898,1
48271,1
8391,1
11017,1
15325,1
1147,0
57152,0
39979,1
13943,1
21214,1
60837,0
58698,0
7082,1
34419,1
8986,1
30277,1
31991,1
14482,1
19161,1
42995,1
46726,1
35990,1
52309,0
20748,1
2743,0
52611,0
7165,1
17784,1
32314,1
49400,1
16781,1
20563,1
31077,1
21328,1
9333,1
43616,1
11344,1
59932,0
37718,1
31356,1
61390,0
33009,1
25078,0
10955,1
6550,1
45162,1
36248,1
25190,0
8464,1
11083,1
20747,1
5404,1
58599,0
53264,0
2028,0
25693,0
51217,0
56234,0
42812,1
24977,1
41098,1
54425,0
41986,1
51336,0
17406,1
53753,0
7867,1
16537,1
37131,1
17762,1
51466,0
57461,0
19973,1
49512,1
46227,1
51088,1
6482,1
56610,0
24096,1
39933,1
49536,1
57027,0
15578,1
33024,1
15005,1
57766,0
14711,1
10623,1
57797,0
56800,0
1755,0
26060,0
14400,1
41828,1
61381,0
50695,1
57955,0
49565,1
28406,1
16953,1
26530,0
24961,1
58439,0
33442,1
36591,1
639,0
26086,0
68,0
2581,0
1032,0
18036,1
404,0
26468,0
55254,0
26988,0
19387,1
42551,1
28261,1
45220,1
46502,1
17768,1
61126,0
60419,0
15774,1
39653,1
28384,1
3189,1
46193,1
40892,1
35998,1
15317,1
28984,1
4994,1
18094,1
14139,1
59361,0
50578,1
617,0
16271,1
20485,1
10208,1
21139,1
53230,0
1037,0
6311,1
48996,1
27352,0
58729,0
33096,1
16566,1
25425,0
55935,0
28189,1
27611,0
42892,1
13550,1
5303,1
42941,1
10369,1
55633,0
315,0
12298,1
50727,1
21999,1
32340,1
61230,0
54234,0
24850,1
29500,1
31916,1
17862,1
736,0
25755,0
52781,0
48197,1
8580,1
56664,0
33796,1
9529,1
23909,1
36943,1
40041,1
24022,1
57695,0
38307,1
48173,1
20176,1
53106,0
47057,1
15139,1
55946,0
49502,1
36928,1
25012,0
55235,0
43119,1
2355,0
19196,1
49417,1
39506,1
2066,0
51900,0
9334,1
42638,1
28571,1
58486,0
23026,1
28808,1
33437,1
36065,1
46594,1
23398,1
6475,1
42339,1
42992,1
12326,1
21494,1
53313,0
44057,1
59904,0
3939,1
36766,1
13769,1
11461,1
20277,1
53964,0
47832,1
7997,1
16177,1
32529,1
17686,1
42506,1
49144,1
4792,1
42639,1
16413,1
46920,1
54140,0
19484,1
27478,0
58472,0
31113,1
51798,0
37426,1
46939,1
43590,1
5888,1
50790,1
59324,0
1915,0
5291,1
53738,0
45186,1
7260,1
49374,1
42162,1
24959,1
47360,1
7044,1
19156,1
22668,1
22539,1
58960,0
59451,0
60101,0
4834,1
61419,0
39796,1
58167,0
22927,1
56816,0
45461,1
32272,1
34668,1
6523,1
10672,1
4508,1
5870,1
591,0
24410,1
27897,0
5217,1
6001,1
40233,1
7129,1
30535,1
30560,1
57566,0
13715,1
11127,1
31651,1
54270,0
14332,1
13931,1
53233,0
8074,1
20963,1
57708,0
43656,1
58989,0
37399,1
23162,1
61272,0
8375,1
12217,1
19569,1
26165,0
6398,1
27538,0
21034,1
12833,1
35412,1
4781,1
29211,1
33888,1
17925,1
57365,0
48114,1
3426,1
38155,1
33975,1
241,0
29716,1
23967,1
36237,1
34948,1
10637,1
11579,1
36191,1
37430,1
23427,1
60742,0
7807,1
3663,1
11005,1
10782,1
62031,0
4262,1
58707,0
50146,1
7303,1
44078,1
21023,1
40773,1
13205,1
61124,0
24956,1
17258,1
48118,1
52525,0
2755,0
44317,1
29097,1
51039,1
27999,0
21459,1
40665,1
61918,0
8394,1
27922,0
7748,1
21086,1
36682,1
780,0
26960,0
41811,1
39050,1
9590,1
34038,1
50360,1
33151,1
15983,1
17567,1
41020,1
38037,1
52725,0
3401,1
29681,1
34952,1
12084,1
52240,0
11572,1
875,0
13241,1
59207,0
31304,1
53190,0
38192,1
30392,1
19045,1
6183,1
2595,0
46237,1
42024,1
37148,1
28072,0
57282,0
7117,1
14781,1
28368,1
14639,1
54460,0
26282,0
15068,1
45995,1
41377,1
20785,1
9076,1
6828,1
7372,1
30113,1
21248,1
30679,1
39115,1
34727,1
12855,1
21622,1
41760,1
21160,1
56460,0
23590,1
23561,1
59659,0
27773,0
17608,1
25715,0
44038,1
44498,1
50859,1
24776,1
36375,1
53967,0
47434,1
59548,0
50035,1
34996,1
7020,1
52181,0
7385,1
26184,0
54674,0
2049,0
6758,1
58642,0
33844,1
58526,0
42979,1
13807,1
50382,1
388,0
41689,1
2375,0
32755,1
5722,1
50365,1
8043,1
41836,1
7098,1
17526,1
60003,0
28121,0
4627,1
26833,0
382,0
46500,1
32720,1
22353,1
29200,1
3742,1
52628,0
22579,1
24954,1
48502,1
30570,1
3439,1
31360,1
34769,1
3208,1
29140,1
7035,1
14507,1
60849,0
5092,1
44460,1
60072,0
9710,1
42238,1
2241,0
4471,1
34713,1
50326,1
32238,1
30675,1
57630,0
23314,1
16521,1
20664,1
33843,1
47640,1
16423,1
27263,0
36873,1
34125,1
53942,0
42649,1
6385,1
61796,0
767,0
35024,1
19646,1
32298,1
35127,1
25034,0
51413,0
60652,0
31334,1
9675,1
36135,1
21413,1
11820,1
24484,1
51369,0
45266,1
49082,1
2580,0
50916,1
35082,1
14515,1
26710,0
38093,1
56815,0
27848,0
55524,0
56196,0
45108,1
33340,1
59604,0
59387,0
30194,1
423,0
16651,1
30640,1
7794,1
29742,1
24465,1
38988,1
4784,1
18223,1
26308,0
2475,0
5019,1
11300,1
22366,1
38078,1
58485,0
17524,1
9662,1
49658,1
22613,1
32342,1
56211,0
32632,1
58221,0
14638,1
31006,1
27568,0
54745,0
53019,0
53498,0
48915,1
14831,1
28741,1
39636,1
29709,1
59542,0
53292,0
22997,1
36138,1
47094,1
45538,1
48331,1
45288,1
5510,1
33813,1
17870,1
35687,1
60568,0
15315,1
38643,1
54471,0
45944,1
46621,1
37046,1
34114,1
6446,1
26241,0
43850,1
57154,0
53534,0
28805,1
18009,1
10692,1
15524,1
11755,1
19999,1
29245,1
61327,0
1957,0
15586,1
56974,0
62324,0
37352,1
1034,0
28412,1
6494,1
55156,0
50500,1
23504,1
27317,0
3246,1
26311,0
34026,1
2564,0
7602,1
29464,1
34245,1
1299,0
29378,1
38622,1
28318,1
7681,1
25573,0
45522,1
34058,1
4540,1
49047,1
90,0
24481,1
31085,1
27421,0
8364,1
1260,0
39800,1
13624,1
6380,1
25458,0
60469,0
9922,1
41723,1
46172,1
59311,0
5095,1
7834,1
35464,1
55536,0
57594,0
24089,1
22146,1
53136,0
22584,1
12630,1
31772,1
17573,1
52998,0
53333,0
30830,1
4918,1
8813,1
7671,1
11174,1
27276,0
50813,1
8050,1
20322,1
38051,1
10859,1
3023,0
44941,1
24833,1
21245,1
31147,1
47128,1
26681,0
6193,1
21849,1
27397,0
45016,1
14359,1
46585,1
1407,0
35448,1
625,0
42943,1
23364,1
8474,1
24935,1
62528,0
24893,1
41143,1
53459,0
1969,0
11860,1
7604,1
24173,1
25339,0
58706,0
46116,1
40984,1
21394,1
19307,1
2275,0
2868,0
26498,0
20078,1
6452,1
34972,1
61714,0
27436,0
60732,0
60750,0
33885,1
17164,1
17167,1
28873,1
61160,0
41036,1
42647,1
11201,1
57975,0
10278,1
14236,1
20679,1
9347,1
26159,0
4333,1
5060,1
31365,1
43080,1
15260,1
18115,1
11951,1
43646,1
31607,1
50642,1
36366,1
48754,1
26940,0
61176,0
43068,1
16605,1
18026,1
8144,1
29999,1
14433,1
62568,0
40731,1
30986,1
20291,1
60355,0
2468,0
12218,1
4072,1
34324,1
49249,1
11528,1
2348,0
2947,0
57985,0
28558,1
51789,0
55217,0
11170,1
62296,0
9771,1
2761,0
60392,0
47908,1
25420,0
32115,1
41993,1
15789,1
14683,1
16894,1
1502,0
44587,1
49846,1
41636,1
7541,1
44010,1
49778,1
12198,1
45111,1
8135,1
47083,1
48422,1
56400,0
13030,1
14762,1
3282,1
37635,1
50134,1
36532,1
43687,1
16147,1
20788,1
9541,1
4643,1
25849,0
31955,1
53170,0
46875,1
58098,0
841,0
14730,1
11772,1
901,0
36196,1
15311,1
31696,1
1081,0
20886,1
47862,1
6219,1
20360,1
23278,1
28338,1
12248,1
38792,1
52482,0
13124,1
28291,1
30349,1
28126,0
20873,1
56544,0
48330,1
42240,1
50272,1
61490,0
30682,1
52432,0
39501,1
44581,1
28008,0
24861,1
13463,1
13575,1
27303,0
58161,0
51164,0
51417,0
1853,0
31560,1
32149,1
30794,1
51181,0
6647,1
6300,1
47277,1
45913,1
3129,0
50422,1
51020,1
18984,1
24610,1
29424,1
41159,1
6409,1
12977,1
3982,1
59279,0
54356,0
53948,0
59760,0
29950,1
30512,1
14136,1
10054,1
62428,0
24011,1
36638,1
51674,0
2586,0
30791,1
30747,1
8436,1
26032,0
7217,1
3601,1
22581,1
50312,1
47937,1
16118,1
22118,1
33063,1
6042,1
19263,1
1279,0
47383,1
27717,0
56160,0
52254,0
46925,1
31078,1
59341,0
60760,0
59859,0
44293,1
61243,0
42541,1
54184,0
25317,0
47274,1
7097,1
41917,1
10954,1
23989,1
38431,1
22493,1
34263,1
46947,1
13104,1
56268,0
5460,1
34772,1
61401,0
3376,1
43682,1
1786,0
39774,1
57608,0
20593,1
724,0
38451,1
6462,1
29929,1
18559,1
31629,1
50836,1
44992,1
4300,1
18055,1
10621,1
32419,1
35429,1
30709,1
62075,0
13028,1
6819,1
32316,1
38047,1
3969,1
48819,1
16252,1
49700,1
36813,1
17017,1
39662,1
27957,0
19686,1
29702,1
35134,1
49940,1
3597,1
58044,0
54351,0
55671,0
39149,1
40729,1
58812,0
60458,0
27027,0
62362,0
16026,1
33608,1
58209,0
61337,0
6959,1
27976,0
56043,0
42782,1
32148,1
46695,1
7773,1
13755,1
2913,0
6250,1
11662,1
27798,0
7452,1
10361,1
13468,1
27470,0
14626,1
40880,1
52498,0
18553,1
50721,1
51018,1
57322,0
49952,1
5083,1
21601,1
33582,1
8868,1
26391,0
22922,1
45845,1
47365,1
61468,0
49227,1
39803,1
23994,1
16969,1
29920,1
10408,1
48359,1
50739,1
28677,1
53902,0
44355,1
20448,1
10110,1
35667,1
57809,0
23456,1
20612,1
23556,1
3375,1
41970,1
15006,1
52956,0
19328,1
26581,0
19338,1
53164,0
29049,1
20087,1
61053,0
54889,0
51763,0
207,0
21115,1
25971,0
8042,1
25891,0
58906,0
42921,1
60854,0
16729,1
62534,0
59437,0
45687,1
35534,1
12529,1
7109,1
49902,1
42902,1
15886,1
8072,1
56020,0
14413,1
43478,1
33624,1
9890,1
14197,1
40383,1
601,0
47366,1
10788,1
13725,1
30907,1
25196,0
7476,1
9139,1
605,0
21212,1
13782,1
43362,1
3427,1
7329,1
29639,1
25201,0
14876,1
39957,1
387,0
11707,1
32033,1
2310,0
36124,1
32122,1
17093,1
26099,0
37277,1
47351,1
27100,0
45927,1
6769,1
27754,0
56050,0
26971,0
14645,1
56774,0
34454,1
52995,0
36855,1
11539,1
52160,0
19417,1
22438,1
35529,1
6163,1
15571,1
22834,1
36342,1
41373,1
60661,0
50343,1
54911,0
14328,1
43208,1
12250,1
26667,0
9455,1
4848,1
59752,0
53197,0
49812,1
33829,1
35636,1
20673,1
44873,1
33941,1
8350,1
60069,0
11334,1
2000,0
55979,0
4278,1
10199,1
31191,1
61987,0
54567,0
11387,1
4673,1
45724,1
41991,1
50786,1
62496,0
10873,1
14258,1
45071,1
22787,1
22260,1
1082,0
25021,0
21380,1
7943,1
31900,1
50492,1
35822,1
51158,0
28888,1
796,0
30834,1
21069,1
41547,1
38285,1
19624,1
32404,1
45516,1
16435,1
34744,1
42602,1
46107,1
3914,1
17844,1
15764,1
38182,1
8600,1
12574,1
36816,1
25994,0
47514,1
12460,1
6176,1
4923,1
16086,1
61298,0
54209,0
19192,1
3157,0
19904,1
49380,1
13853,1
40995,1
3576,1
26090,0
877,0
18496,1
35947,1
2251,0
44046,1
10535,1
30852,1
40145,1
32786,1
29444,1
58037,0
8085,1
39298,1
1883,0
55817,0
23658,1
27505,0
17380,1
17677,1
25348,0
53855,0
36914,1
8989,1
91,0
20439,1
22706,1
30856,1
12197,1
24291,1
29859,1
50180,1
42138,1
20862,1
36445,1
56126,0
32515,1
5264,1
12690,1
47840,1
7627,1
32636,1
47651,1
24903,1
47172,1
49533,1
40765,1
24756,1
23952,1
29743,1
4867,1
40998,1
62318,0
51514,0
3027,0
57790,0
25978,0
39764,1
42317,1
54552,0
58518,0
4901,1
30969,1
4493,1
32283,1
43662,1
22320,1
30779,1
5665,1
12240,1
33107,1
55874,0
56777,0
61239,0
47569,1
20924,1
33383,1
13568,1
4999,1
15508,1
12579,1
35862,1
46083,1
40877,1
29799,1
27465,0
55244,0
15935,1
32859,1
30282,1
594,0
32425,1
20363,1
1202,0
20259,1
8572,1
48767,1
13946,1
29519,1
8352,1
41746,1
40103,1
41514,1
54897,0
14419,1
34922,1
29975,1
56474,0
54613,0
31577,1
24091,1
13242,1
20143,1
9854,1
31963,1
1587,0
7886,1
61333,0
58591,0
28870,1
60656,0
59790,0
3856,1
13515,1
53242,0
39553,1
27373,0
52062,0
14326,1
46317,1
29035,1
11053,1
21581,1
54389,0
52310,0
21099,1
4724,1
47550,1
39437,1
59893,0
2795,0
56535,0
19789,1
51593,0
58587,0
48166,1
58936,0
26864,0
25697,0
46228,1
3960,1
49823,1
22511,1
28665,1
19944,1
4062,1
2368,0
36547,1
18045,1
53177,0
52853,0
54410,0
1126,0
428,0
61672,0
32695,1
30112,1
28765,1
29707,1
11671,1
26872,0
44591,1
50480,1
16658,1
38893,1
38648,1
9091,1
37699,1
17135,1
16631,1
46581,1
25330,0
44384,1
11064,1
7059,1
59196,0
55424,0
10775,1
45244,1
26829,0
31909,1
51711,0
10588,1
44708,1
36604,1
32274,1
3787,1
26841,0
4637,1
24899,1
4132,1
11799,1
50209,1
44043,1
15390,1
31233,1
55513,0
21520,1
38728,1
49267,1
55519,0
58375,0
37850,1
51294,0
17658,1
15518,1
6926,1
4311,1
37695,1
46283,1
6150,1
42146,1
10363,1
54294,0
53049,0
34715,1
61514,0
10463,1
14371,1
37818,1
22231,1
16693,1
31330,1
61366,0
36104,1
47198,1
44779,1
16088,1
62483,0
26042,0
2588,0
46334,1
35383,1
52274,0
52953,0
56944,0
43227,1
57381,0
15309,1
11793,1
45297,1
10950,1
2048,0
23361,1
54485,0
1938,0
58414,0
38509,1
42747,1
24793,1
55964,0
29872,1
22817,1
13710,1
6485,1
23015,1
50894,1
61154,0
27698,0
57081,0
39460,1
12504,1
44469,1
40602,1
26458,0
23645,1
60399,0
58667,0
44478,1
57830,0
3703,1
34295,1
59489,0
62487,0
28407,1
19256,1
32706,1
27474,0
53754,0
25128,0
53465,0
2932,0
49977,1
49365,1
16181,1
30103,1
40147,1
51695,0
19459,1
50783,1
47301,1
23345,1
51320,0
31561,1
34582,1
49745,1
41257,1
24895,1
31930,1
24045,1
24453,1
695,0
54372,0
36600,1
409,0
58296,0
49828,1
14470,1
34537,1
53513,0
46465,1
2919,0
18887,1
24138,1
55135,0
32091,1
39789,1
36635,1
27893,0
43160,1
43428,1
56060,0
48150,1
47779,1
9975,1
33181,1
12869,1
49009,1
32843,1
18413,1
37912,1
32929,1
60607,0
30120,1
61579,0
26366,0
16549,1
61484,0
50641,1
1578,0
19920,1
1488,0
36367,1
49774,1
41956,1
18936,1
51271,0
11432,1
23319,1
10366,1
56404,0
28100,0
34473,1
48020,1
19680,1
35787,1
46390,1
60443,0
31253,1
26906,0
49434,1
24158,1
51938,0
52938,0
5177,1
14744,1
54715,0
19117,1
37583,1
61711,0
36968,1
33345,1
48684,1
26012,0
10670,1
42617,1
45352,1
56473,0
24894,1
49141,1
35737,1
14960,1
31511,1
27808,0
57934,0
22676,1
17881,1
38927,1
43417,1
24334,1
52829,0
38395,1
12890,1
38309,1
6694,1
6776,1
42783,1
45591,1
54257,0
3042,0
18270,1
27588,0
43991,1
44793,1
18755,1
44224,1
16274,1
7121,1
7905,1
46962,1
40167,1
11500,1
51896,0
3192,1
14278,1
17442,1
10548,1
49187,1
6415,1
1574,0
61952,0
15651,1
4704,1
37686,1
45585,1
43131,1
37696,1
35923,1
47931,1
29640,1
32892,1
34721,1
3211,1
7592,1
22193,1
13165,1
5994,1
42357,1
13193,1
18577,1
3221,1
17597,1
12799,1
5544,1
27297,0
35929,1
12807,1
43367,1
47077,1
60031,0
39165,1
54172,0
26512,0
55396,0
57759,0
50729,1
32722,1
35571,1
6899,1
6857,1
15611,1
38809,1
43472,1
60477,0
46708,1
34703,1
4280,1
6759,1
1855,0
62205,0
52435,0
349,0
46365,1
52451,0
22195,1
47259,1
46288,1
33025,1
35803,1
14184,1
40590,1
25294,0
36269,1
16096,1
39107,1
62343,0
56807,0
15159,1
13140,1
29860,1
41503,1
46024,1
14425,1
18067,1
6007,1
35329,1
54530,0
55077,0
61202,0
11395,1
21404,1
12535,1
12707,1
23147,1
21877,1
27548,0
2163,0
59610,0
61260,0
39392,1
2512,0
2959,0
13992,1
9035,1
9781,1
33542,1
1966,0
45688,1
36837,1
2808,0
38952,1
43874,1
31058,1
31094,1
32085,1
17182,1
15968,1
61807,0
50099,1
41457,1
26420,0
21405,1
61583,0
5304,1
37903,1
50817,1
62023,0
52302,0
15882,1
38461,1
52780,0
31819,1
13830,1
27183,0
57219,0
40245,1
29152,1
34886,1
29919,1
48769,1
48276,1
32501,1
42653,1
393,0
9808,1
7306,1
37774,1
46064,1
55846,0
30024,1
47138,1
16855,1
4050,1
52639,0
36655,1
21152,1
30805,1
28499,1
2591,0
5076,1
50514,1
60996,0
14373,1
27274,0
52557,0
57086,0
36964,1
31244,1
50304,1
40058,1
35644,1
47917,1
2534,0
9308,1
42122,1
1150,0
41030,1
29427,1
6265,1
52554,0
8147,1
35679,1
43245,1
28071,0
28856,1
51815,0
49986,1
49305,1
17473,1
52046,0
43005,1
56873,0
42345,1
33726,1
10916,1
57773,0
62198,0
41867,1
38882,1
11800,1
29926,1
886,0
60302,0
58290,0
36540,1
15767,1
38290,1
21946,1
44002,1
27351,0
41175,1
61074,0
50227,1
45750,1
8118,1
37659,1
38785,1
19351,1
35349,1
52508,0
13796,1
41144,1
61897,0
53416,0
33734,1
51161,0
20376,1
52660,0
143,0
4934,1
2831,0
5401,1
27068,0
39692,1
48764,1
4577,1
3828,1
14039,1
18254,1
41473,1
33557,1
58140,0
35041,1
43306,1
12316,1
51441,0
61744,0
10103,1
8451,1
52090,0
42691,1
9408,1
28615,1
52168,0
21623,1
57135,0
14686,1
5675,1
31320,1
3254,1
24327,1
14547,1
40569,1
16860,1
51188,0
24424,1
24813,1
29089,1
44835,1
7890,1
14356,1
36420,1
51908,0
38652,1
46756,1
62572,0
5621,1
14906,1
55174,0
28298,1
48907,1
53144,0
58497,0
31786,1
38690,1
33936,1
8086,1
35057,1
29385,1
40414,1
13766,1
5163,1
22417,1
39856,1
52637,0
23960,1
24234,1
50409,1
39279,1
8411,1
61822,0
56090,0
37632,1
24750,1
27083,0
18203,1
16613,1
29210,1
33302,1
27155,0
23508,1
51529,0
15826,1
4785,1
19974,1
36871,1
49511,1
21781,1
16083,1
21284,1
47856,1
51312,0
41638,1
2827,0
38033,1
42598,1
2439,0
43451,1
10160,1
51177,0
29403,1
46567,1
693,0
37022,1
44223,1
53822,0
13908,1
35173,1
52783,0
62578,0
12432,1
47325,1
11989,1
58665,0
21649,1
25674,0
31777,1
24992,1
21643,1
61019,0
34306,1
17605,1
50196,1
2691,0
11547,1
45527,1
25809,0
61465,0
25873,0
12028,1
46432,1
6139,1
46818,1
56111,0
30617,1
35535,1
35403,1
51929,0
35257,1
28599,1
57750,0
5,0
22569,1
56494,0
5591,1
1926,0
14383,1
51000,1
54861,0
27198,0
45253,1
42548,1
33126,1
40443,1
59496,0
15055,1
58206,0
60658,0
29778,1
35352,1
4865,1
31740,1
32237,1
25431,0
13297,1
28637,1
35148,1
22657,1
9684,1
43660,1
29607,1
31992,1
21679,1
22470,1
5911,1
20670,1
38355,1
43742,1
60575,0
42522,1
31173,1
8365,1
44731,1
43583,1
58303,0
49404,1
19863,1
2202,0
38705,1
38971,1
36158,1
45564,1
17382,1
58846,0
55586,0
18063,1
44916,1
56328,0
28337,1
11290,1
32146,1
34202,1
53271,0
37527,1
14987,1
31839,1
16182,1
53211,0
3956,1
20686,1
19438,1
20446,1
6960,1
21480,1
41245,1
29856,1
62177,0
47556,1
38884,1
137,0
32586,1
27556,0
28319,1
36153,1
41948,1
30475,1
45047,1
43293,1
26125,0
47091,1
59875,0
46572,1
53860,0
53504,0
8492,1
36364,1
23407,1
39941,1
51438,0
32805,1
49382,1
54025,0
56047,0
43049,1
36480,1
60924,0
22829,1
37000,1
40634,1
2189,0
61926,0
32600,1
32497,1
62434,0
47460,1
58473,0
3044,0
32150,1
9471,1
42788,1
12065,1
28716,1
51239,0
28347,1
15140,1
18731,1
17226,1
14431,1
47363,1
14615,1
14553,1
33269,1
31635,1
61335,0
28440,1
54040,0
28143,0
62187,0
52922,0
3927,1
37841,1
10478,1
6989,1
7856,1
58969,0
48512,1
32703,1
61712,0
53174,0
34723,1
43468,1
59179,0
20329,1
42421,1
60546,0
15207,1
905,0
44494,1
21431,1
52163,0
26704,0
5528,1
42963,1
28683,1
15216,1
43441,1
40715,1
20957,1
11363,1
37130,1
38273,1
62010,0
16075,1
1909,0
1020,0
48686,1
45523,1
2584,0
48967,1
6702,1
5614,1
44423,1
3747,1
25803,0
59497,0
4977,1
176,0
27879,0
60224,0
33503,1
10999,1
8097,1
30918,1
22582,1
33434,1
35153,1
31497,1
35980,1
52898,0
9790,1
15254,1
24471,1
39617,1
21694,1
29340,1
44859,1
29712,1
39034,1
8068,1
3599,1
55521,0
8789,1
53486,0
59905,0
39459,1
38440,1
25742,0
41273,1
60263,0
56374,0
38141,1
40322,1
31868,1
30387,1
51944,0
19876,1
62430,0
10712,1
34693,1
57034,0
60516,0
54637,0
44527,1
45565,1
52700,0
2083,0
8435,1
5599,1
3471,1
13301,1
48002,1
3678,1
48308,1
10747,1
30607,1
1772,0
10972,1
41456,1
2992,0
56067,0
8139,1
2471,0
44996,1
20200,1
29850,1
12994,1
31831,1
32779,1
58467,0
36546,1
45401,1
7402,1
2569,0
19319,1
24759,1
2029,0
26059,0
3772,1
11421,1
48163,1
8503,1
15234,1
42868,1
7391,1
25834,0
50807,1
18703,1
37771,1
61637,0
35143,1
59946,0
32533,1
60415,0
48648,1
41913,1
44242,1
2703,0
12374,1
29223,1
41497,1
59294,0
45533,1
4588,1
56512,0
19202,1
15160,1
10569,1
16980,1
4448,1
36265,1
11921,1
51788,0
49982,1
52707,0
14617,1
27993,0
29194,1
42540,1
16908,1
28267,1
27362,0
54070,0
55276,0
5914,1
61086,0
60566,0
19096,1
16622,1
26917,0
46546,1
38464,1
27323,0
54491,0
46535,1
15703,1
8476,1
5298,1
58645,0
3935,1
35200,1
18979,1
3761,1
1336,0
832,0
6315,1
4617,1
29503,1
1600,0
35666,1
37885,1
18478,1
34791,1
57388,0
60512,0
8558,1
47382,1
22951,1
23544,1
54511,0
25895,0
6939,1
14868,1
54759,0
646,0
57916,0
8171,1
25710,0
30683,1
1950,0
1722,0
47330,1
14338,1
61698,0
20361,1
46407,1
34597,1
36093,1
24805,1
13118,1
23551,1
15582,1
38101,1
50437,1
15448,1
24201,1
27078,0
51617,0
56914,0
53124,0
19874,1
47284,1
14631,1
16261,1
22070,1
8268,1
30357,1
53053,0
24708,1
35267,1
37472,1
27501,0
23240,1
13915,1
2312,0
37420,1
30937,1
31417,1
12273,1
23290,1
57639,0
30680,1
44219,1
33159,1
22364,1
29306,1
4467,1
37533,1
3408,1
57606,0
42450,1
32540,1
54748,0
39552,1
13694,1
50586,1
43761,1
40657,1
1900,0
56099,0
15316,1
40452,1
4136,1
2429,0
46133,1
1740,0
43834,1
54913,0
28796,1
13395,1
27554,0
37801,1
40843,1
45712,1
11105,1
26351,0
8920,1
19891,1
23096,1
53834,0
51821,0
13243,1
157,0
42835,1
9846,1
17580,1
61636,0
31960,1
47715,1
1683,0
11998,1
33646,1
42568,1
24582,1
35639,1
24618,1
58741,0
19907,1
19238,1
9271,1
12615,1
61691,0
34627,1
40460,1
40185,1
52227,0
35442,1
19107,1
27859,0
42966,1
27533,0
60839,0
26368,0
29627,1
1579,0
4123,1
57158,0
34519,1
32262,1
61379,0
4191,1
9858,1
36561,1
42901,1
54442,0
16292,1
30008,1
11901,1
44631,1
39338,1
6203,1
35314,1
30377,1
41158,1
43654,1
54849,0
11698,1
53055,0
51504,0
54445,0
39025,1
41209,1
45126,1
39350,1
33140,1
17869,1
32492,1
17701,1
37687,1
21357,1
33836,1
47027,1
53074,0
29840,1
61826,0
42320,1
38315,1
9680,1
19496,1
44826,1
21540,1
57390,0
30540,1
6681,1
11212,1
50570,1
61808,0
16562,1
51719,0
13939,1
7171,1
28369,1
60563,0
24372,1
5915,1
53266,0
20988,1
51317,0
34497,1
57915,0
48665,1
2383,0
7840,1
15595,1
45896,1
39266,1
58354,0
56401,0
56973,0
60391,0
17864,1
30676,1
41903,1
6344,1
7792,1
55282,0
4463,1
35065,1
3948,1
43315,1
27407,0
50954,1
56539,0
53192,0
23847,1
6477,1
48667,1
46932,1
58477,0
37140,1
23474,1
36571,1
24536,1
61130,0
31870,1
28524,1
18412,1
29359,1
45204,1
1796,0
18701,1
36485,1
51697,0
35362,1
21561,1
12522,1
13474,1
34436,1
50823,1
50071,1
10276,1
29483,1
10511,1
36676,1
50738,1
894,0
8617,1
18177,1
11722,1
14011,1
33363,1
35256,1
57189,0
45384,1
53341,0
49411,1
51701,0
19743,1
55173,0
9518,1
23619,1
4869,1
57245,0
48783,1
4190,1
44042,1
29806,1
30272,1
17849,1
31138,1
35696,1
25511,0
55523,0
50368,1
59432,0
7493,1
36683,1
29147,1
9547,1
48464,1
27486,0
39137,1
13883,1
61573,0
3150,0
54264,0
31574,1
7484,1
27374,0
48140,1
36296,1
47863,1
52699,0
18134,1
34178,1
46010,1
62479,0
39230,1
58874,0
52403,0
53499,0
39099,1
56713,0
40021,1
5462,1
15221,1
2345,0
49788,1
23378,1
25924,0
48695,1
10709,1
22848,1
7589,1
26056,0
41658,1
4595,1
23993,1
39838,1
48129,1
59660,0
47096,1
49233,1
28900,1
8602,1
15346,1
45738,1
61800,0
38898,1
42585,1
24906,1
22035,1
6138,1
30335,1
16199,1
4874,1
28887,1
55220,0
36718,1
34515,1
50707,1
49338,1
5705,1
54065,0
7586,1
61898,0
54155,0
1478,0
35308,1
32401,1
52087,0
58732,0
49996,0
56222,0
59314,0
48676,1
21968,1
9651,1
18368,1
48265,1
46454,1
51588,0
44081,1
27072,0
36356,1
17121,1
12304,1
15936,1
25396,0
17748,1
8788,1
11777,1
36318,1
7750,1
16914,1
17160,1
55652,0
46644,1
27508,0
10897,1
59916,0
2402,0
41043,1
1592,0
52010,0
3286,1
34523,1
38584,1
17215,1
60751,0
51487,0
60092,0
23635,1
28557,1
1374,0
60848,0
26892,0
52323,0
3472,1
59602,0
26574,0
24085,1
52649,0
23911,1
59816,0
59583,0
44874,1
30566,1
15227,1
58693,0
32570,1
39415,1
17611,1
48190,1
2975,0
38686,1
46692,1
44711,1
12717,1
54887,0
49342,1
16824,1
44007,1
8753,1
6015,1
24379,1
26225,0
49528,1
42076,1
26312,0
28498,1
6830,1
282,0
4697,1
4706,1
61551,0
52007,0
28112,0
25309,0
49665,1
53766,0
14295,1
15073,1
52640,0
24997,0
49991,0
7938,1
62547,0
62022,0
44544,1
48427,1
29084,1
19098,1
38331,1
31020,1
23108,1
17579,1
38210,1
16929,1
7429,1
56138,0
41841,1
4700,1
26671,0
31162,1
15735,1
7399,1
48315,1
23831,1
24985,1
57739,0
48747,1
7715,1
52558,0
24438,1
5985,1
1676,0
32717,1
6011,1
14666,1
53296,0
60109,0
44872,1
37509,1
13508,1
25502,0
18184,1
22950,1
60770,0
25827,0
38030,1
8984,1
6810,1
8287,1
42863,1
1563,0
32406,1
15736,1
26690,0
13441,1
38028,1
23639,1
9994,1
41185,1
43024,1
48871,1
25983,0
3361,1
20436,1
40306,1
31128,1
14767,1
15641,1
2311,0
18025,1
22598,1
7660,1
4155,1
51255,0
27695,0
43523,1
19379,1
57951,0
31228,1
60667,0
33664,1
42880,1
29964,1
7365,1
5432,1
12451,1
34092,1
56209,0
21879,1
43399,1
60141,0
14768,1
14176,1
34087,1
21243,1
16316,1
20287,1
5262,1
11715,1
39709,1
17657,1
30955,1
45404,1
36474,1
26909,0
5664,1
940,0
18694,1
12524,1
42993,1
57162,0
44411,1
61489,0
14447,1
17643,1
4414,1
7101,1
42331,1
41782,1
38494,1
17732,1
18470,1
35073,1
17750,1
2102,0
51120,1
18808,1
45672,1
26891,0
53910,0
33871,1
20092,1
20965,1
51968,0
42080,1
31748,1
50748,1
10690,1
23023,1
8007,1
57486,0
14707,1
52681,0
47963,1
61336,0
3486,1
5674,1
2170,0
1688,0
21634,1
42139,1
46670,1
3078,0
5637,1
5764,1
30431,1
15314,1
9889,1
36310,1
40548,1
39841,1
33957,1
39752,1
1598,0
36704,1
13811,1
23357,1
41381,1
60807,0
20691,1
51098,1
16395,1
51311,0
4622,1
1420,0
32138,1
62062,0
28197,1
10694,1
59901,0
38397,1
56463,0
25842,0
3137,0
41080,1
61539,0
48148,1
50621,1
8983,1
46452,1
6247,1
56021,0
4866,1
30311,1
23054,1
48232,1
25741,0
28896,1
53625,0
20281,1
54242,0
2614,0
221,0
40613,1
43203,1
18726,1
52408,0
2637,0
34340,1
41406,1
5409,1
7057,1
24143,1
15478,1
44816,1
11448,1
30186,1
8526,1
24368,1
8669,1
58551,0
45473,1
28742,1
53706,0
53522,0
45599,1
61735,0
10393,1
16186,1
24258,1
23894,1
36909,1
26231,0
52097,0
55232,0
15962,1
12178,1
24747,1
31516,1
46827,1
8724,1
46836,1
51744,0
58580,0
55596,0
34435,1
4809,1
41401,1
48542,1
48374,1
34327,1
17059,1
28576,1
36324,1
8061,1
54109,0
29826,1
48443,1
16660,1
1569,0
5033,1
36486,1
61653,0
51718,0
27826,0
57814,0
4386,1
41808,1
57585,0
57504,0
47661,1
27786,0
49190,1
36707,1
39584,1
1404,0
28418,1
49065,1
43619,1
27742,0
36797,1
19612,1
46728,1
56477,0
30363,1
24187,1
1343,0
54684,0
41127,1
44376,1
8494,1
53067,0
37829,1
15312,1
5944,1
10185,1
44396,1
48421,1
42780,1
24945,1
39873,1
46138,1
30234,1
5547,1
62585,0
11001,1
32155,1
38664,1
50118,1
39564,1
34646,1
7899,1
706,0
59608,0
7030,1
27284,0
55747,0
14765,1
15107,1
29209,1
56232,0
26986,0
43993,1
13804,1
54580,0
943,0
38418,1
44505,1
53863,0
3198,1
39557,1
45085,1
13860,1
43233,1
8684,1
51502,0
48841,1
30255,1
470,0
10644,1
46088,1
32555,1
50279,1
53704,0
35089,1
8522,1
20303,1
56277,0
2316,0
62435,0
19243,1
13427,1
57990,0
41816,1
37394,1
6034,1
28519,1
6194,1
3445,1
55532,0
34011,1
47699,1
57818,0
19097,1
28688,1
48090,1
33705,1
52195,0
42023,1
58775,0
31284,1
42417,1
9440,1
23242,1
61686,0
3152,0
28242,1
40921,1
19068,1
10402,1
5437,1
56917,0
55017,0
10835,1
18717,1
9190,1
21669,1
18226,1
34647,1
24718,1
36919,1
13870,1
25282,0
36872,1
30021,1
20212,1
20117,1
34852,1
355,0
5714,1
17785,1
25853,0
59795,0
6486,1
3127,0
5135,1
28884,1
31004,1
38084,1
2738,0
48119,1
38750,1
300,0
20997,1
18458,1
50000,0
43877,1
5683,1
51706,0
47064,1
36978,1
50953,1
61925,0
51325,0
8960,1
31687,1
16513,1
60708,0
43674,1
60393,0
53758,0
24259,1
19650,1
10489,1
41505,1
61170,0
7353,1
62394,0
10912,1
38645,1
61962,0
28504,1
39164,1
51227,0
7234,1
12506,1
20070,1
56631,0
52100,0
6082,1
1551,0
54207,0
47989,1
24900,1
55599,0
13817,1
49579,1
4423,1
35543,1
35584,1
33462,1
44263,1
32108,1
46921,1
1865,0
37813,1
37358,1
41166,1
17986,1
61792,0
16509,1
34376,1
56030,0
62002,0
2851,0
21994,1
47638,1
17184,1
7330,1
44298,1
31040,1
21349,1
1011,0
16852,1
9486,1
61713,0
59472,0
59210,0
17192,1
27654,0
15857,1
26164,0
29073,1
9340,1
37508,1
51303,0
62273,0
48367,1
56705,0
3089,0
38230,1
7951,1
8406,1
34618,1
39143,1
52384,0
9083,1
48413,1
33712,1
31904,1
19947,1
37314,1
60011,0
12636,1
28951,1
28264,1
2938,0
3950,1
54249,0
17952,1
2714,0
62466,0
38986,1
13391,1
33752,1
14240,1
28891,1
54244,0
4474,1
8039,1
12071,1
60640,0
24189,1
24866,1
57982,0
21658,1
25691,0
48102,1
14393,1
44086,1
34706,1
44757,1
7327,1
59064,0
31540,1
45904,1
24995,0
58773,0
56801,0
21180,1
16142,1
62017,0
49000,1
60573,0
13967,1
33551,1
5940,1
11056,1
9046,1
39325,1
9667,1
47114,1
26846,0
23558,1
35957,1
45810,1
24485,1
4193,1
55465,0
27888,0
62208,0
12150,1
35425,1
52336,0
41776,1
38647,1
57171,0
23931,1
10660,1
3416,1
17670,1
32951,1
59653,0
5261,1
43940,1
32421,1
45036,1
61421,0
45321,1
59527,0
8132,1
6413,1
12916,1
50629,1
19798,1
57727,0
21967,1
60249,0
12042,1
41593,1
30929,1
5395,1
11134,1
7499,1
42032,1
18908,1
15760,1
36333,1
9839,1
8723,1
51783,0
47405,1
21662,1
49442,1
46990,1
8100,1
30407,1
54514,0
34322,1
42379,1
36985,1
12495,1
48476,1
26296,0
27771,0
18549,1
33636,1
35941,1
20806,1
39722,1
36958,1
57704,0
6920,1
38910,1
10600,1
34685,1
40212,1
38463,1
21181,1
16442,1
28404,1
61658,0
10019,1
6569,1
4209,1
5717,1
49750,1
19427,1
16128,1
3722,1
25089,0
25181,0
61892,0
24962,1
30725,1
5972,1
26393,0
46919,1
15654,1
57059,0
33949,1
8408,1
44499,1
51221,0
31756,1
13975,1
2198,0
1979,0
26499,0
11964,1
33198,1
34632,1
18518,1
39414,1
54645,0
41153,1
23386,1
12895,1
30302,1
18548,1
17530,1
51144,0
20013,1
8840,1
61255,0
232,0
10534,1
30027,1
1346,0
43758,1
31890,1
7506,1
4245,1
2466,0
10504,1
6113,1
34181,1
5028,1
13644,1
11866,1
56784,0
19903,1
60251,0
4635,1
40430,1
29235,1
38752,1
17938,1
6324,1
51126,1
5638,1
39887,1
7280,1
14824,1
31436,1
22437,1
609,0
20279,1
21462,1
42387,1
13494,1
16307,1
38325,1
61967,0
2190,0
50718,1
5765,1
34224,1
17189,1
33676,1
38848,1
55466,0
1819,0
8485,1
22313,1
46338,1
41535,1
661,0
22654,1
20023,1
21397,1
23742,1
34309,1
61570,0
23067,1
33389,1
46547,1
13074,1
58542,0
5881,1
29043,1
1875,0
20683,1
62176,0
48836,1
3059,0
57734,0
20768,1
13819,1
1406,0
54902,0
61403,0
18161,1
33232,1
20220,1
41287,1
9929,1
35579,1
15507,1
33111,1
32960,1
36020,1
31946,1
31466,1
30583,1
47966,1
59091,0
31692,1
43900,1
43664,1
45621,1
62375,0
3349,1
17518,1
2427,0
50715,1
33967,1
39911,1
14817,1
43885,1
1357,0
36321,1
11069,1
58682,0
48029,1
2498,0
28975,1
21917,1
2167,0
54454,0
27503,0
28160,0
46663,1
41482,1
20081,1
49379,1
29791,1
62538,0
47983,1
61111,0
3289,1
52130,0
58638,0
33987,1
29286,1
55717,0
41346,1
4009,1
4372,1
60023,0
59633,0
54031,0
49894,1
36615,1
38421,1
49489,1
7697,1
32355,1
4161,1
26314,0
25095,0
8398,1
24431,1
31230,1
62623,0
42554,1
55587,0
1802,0
58455,0
19110,1
38587,1
24317,1
48010,1
39079,1
40580,1
58329,0
13090,1
22433,1
56683,0
40680,1
12035,1
57771,0
34809,1
10676,1
14260,1
52111,0
11938,1
51770,0
18205,1
4939,1
27381,0
55084,0
4772,1
37836,1
3690,1
59457,0
61666,0
23059,1
5371,1
12041,1
17830,1
13341,1
25926,0
11224,1
45887,1
55755,0
54547,0
50488,1
39760,1
40186,1
38428,1
54489,0
2722,0
1760,0
38404,1
43381,1
10803,1
18170,1
4153,1
4008,1
53346,0
55929,0
16332,1
48560,1
28635,1
19171,1
50643,1
45816,1
41659,1
47507,1
34859,1
33200,1
17284,1
31018,1
23854,1
54672,0
19945,1
46674,1
53639,0
47232,1
54228,0
37888,1
49643,1
23787,1
33303,1
34176,1
27254,0
61575,0
20699,1
51523,0
39394,1
30650,1
55712,0
4988,1
14911,1
11126,1
24364,1
854,0
36585,1
34738,1
59878,0
25922,0
48313,1
51621,0
38602,1
12588,1
51978,0
16951,1
42016,1
40037,1
7081,1
6581,1
21271,1
45793,1
16259,1
33681,1
35728,1
62064,0
36120,1
7018,1
14928,1
16317,1
49498,1
48055,1
24572,1
10888,1
25386,0
20327,1
47164,1
9598,1
38291,1
21906,1
61841,0
61916,0
26735,0
23168,1
43579,1
7124,1
24194,1
43026,1
9589,1
32792,1
52307,0
47305,1
52533,0
6204,1
43251,1
18772,1
61598,0
26305,0
33993,1
25255,0
55241,0
2140,0
1354,0
59965,0
57908,0
5718,1
35601,1
27686,0
52567,0
16638,1
51201,0
27450,0
39399,1
17927,1
60156,0
26127,0
47732,1
9692,1
23550,1
45624,1
42233,1
13240,1
54809,0
32017,1
36376,1
3648,1
16563,1
33447,1
41091,1
36686,1
46539,1
52812,0
49332,1
9737,1
6343,1
58188,0
54786,0
54000,0
50252,1
27650,0
33256,1
19751,1
31299,1
28490,1
37463,1
41267,1
30399,1
37002,1
22945,1
42829,1
53026,0
41021,1
20726,1
18030,1
40121,1
30198,1
42845,1
13606,1
55545,0
40917,1
52459,0
58476,0
12342,1
39296,1
41937,1
45058,1
6531,1
55213,0
58730,0
12585,1
13825,1
53034,0
22714,1
57511,0
41716,1
59325,0
950,0
58215,0
3065,0
18931,1
56967,0
4335,1
15116,1
29357,1
52259,0
49035,1
53836,0
10338,1
53207,0
2435,0
35596,1
47788,1
6685,1
61875,0
16960,1
49366,1
24764,1
16896,1
49290,1
45856,1
56900,0
27006,0
34275,1
22524,1
24375,1
28221,1
30778,1
46248,1
8573,1
5921,1
7448,1
26253,0
33761,1
30293,1
15013,1
40059,1
16833,1
55723,0
27179,0
39824,1
55214,0
3060,0
36243,1
15201,1
1914,0
6264,1
62128,0
21934,1
7449,1
4231,1
57400,0
35323,1
5527,1
46862,1
21789,1
16766,1
7639,1
32651,1
16943,1
19811,1
54225,0
11473,1
3554,1
20038,1
15108,1
36541,1
31606,1
53152,0
16294,1
22301,1
52329,0
60705,0
10314,1
22174,1
31741,1
50419,1
5050,1
38586,1
38990,1
29191,1
46025,1
51583,0
13311,1
9663,1
26900,0
8875,1
22244,1
49880,1
51734,0
40375,1
32432,1
48976,1
8882,1
2002,0
48191,1
14567,1
12516,1
51807,0
52703,0
10076,1
50989,1
26011,0
10508,1
54695,0
31589,1
38929,1
33207,1
17715,1
46273,1
2797,0
13161,1
33939,1
2423,0
57648,0
12878,1
49282,1
28590,1
17709,1
29088,1
58154,0
1494,0
15698,1
59209,0
2682,0
42706,1
12843,1
36781,1
33575,1
42981,1
59271,0
21164,1
22133,1
12236,1
6495,1
61226,0
55895,0
20217,1
2980,0
125,0
8646,1
49766,1
7475,1
13087,1
25249,0
28894,1
6350,1
30412,1
19667,1
24195,1
2296,0
43196,1
460,0
17816,1
20300,1
14114,1
40953,1
57793,0
38590,1
36312,1
22406,1
25871,0
62389,0
49974,1
46541,1
45243,1
61250,0
17479,1
29374,1
15011,1
57392,0
17700,1
44894,1
24203,1
59140,0
4117,1
45515,1
35987,1
11447,1
991,0
41661,1
38453,1
48456,1
53714,0
16436,1
28686,1
15014,1
36722,1
36514,1
27805,0
18991,1
21125,1
14656,1
11643,1
969,0
15630,1
15301,1
45502,1
53248,0
39746,1
38356,1
5634,1
31849,1
37005,1
56229,0
16598,1
20237,1
38601,1
54838,0
28379,1
35775,1
61251,0
1290,0
42477,1
56219,0
57776,0
24518,1
29096,1
62381,0
16547,1
57592,0
37909,1
37466,1
33887,1
1200,0
44999,1
38879,1
8167,1
54878,0
33651,1
20245,1
11169,1
54553,0
51154,0
42508,1
41873,1
27622,0
55378,0
38208,1
757,0
17640,1
5818,1
28148,0
60060,0
43218,1
3143,0
25357,0
61021,0
62579,0
1531,0
44278,1
50215,1
35145,1
8904,1
34783,1
43678,1
24299,1
33223,1
29723,1
47398,1
4408,1
51428,0
12282,1
44513,1
6525,1
41464,1
51292,0
58556,0
24114,1
9511,1
13310,1
59724,0
31854,1
896,0
41983,1
55842,0
37962,1
40939,1
12306,1
56276,0
59499,0
55111,0
30096,1
35805,1
6126,1
3782,1
16883,1
49958,1
9557,1
31475,1
44827,1
40852,1
1543,0
45729,1
52601,0
42692,1
57186,0
50815,1
25264,0
48884,1
46455,1
10632,1
42693,1
61694,0
26113,0
48628,1
15739,1
35473,1
41064,1
60935,0
58078,0
40080,1
37165,1
28078,0
29916,1
21326,1
55043,0
44311,1
14247,1
15690,1
40881,1
43762,1
34428,1
21286,1
13408,1
50440,1
5652,1
3833,1
37999,1
53216,0
42137,1
24537,1
11930,1
10515,1
20796,1
12215,1
61350,0
46340,1
13586,1
16412,1
14694,1
3012,0
52507,0
43749,1
19205,1
25856,0
53987,0
46255,1
19365,1
25602,0
11003,1
3613,1
56272,0
46948,1
21351,1
27239,0
48447,1
10649,1
34465,1
38120,1
33921,1
27134,0
47910,1
24617,1
42984,1
55905,0
56999,0
17654,1
27485,0
46632,1
4143,1
45689,1
32787,1
30833,1
25739,0
27043,0
19180,1
20268,1
16618,1
51542,0
13942,1
22655,1
5632,1
54960,0
51993,0
27778,0
5897,1
25075,0
52980,0
40546,1
40574,1
42382,1
22279,1
17627,1
13851,1
41506,1
17971,1
31183,1
50427,1
40126,1
8249,1
59425,0
38556,1
8803,1
43913,1
22689,1
61740,0
36939,1
26003,0
583,0
62202,0
56091,0
18462,1
45821,1
628,0
43869,1
30236,1
50156,1
37572,1
48979,1
50503,1
29633,1
4395,1
17514,1
2218,0
42599,1
59518,0
10783,1
48601,1
15954,1
41577,1
43138,1
14890,1
1385,0
20658,1
27712,0
10140,1
52566,0
4192,1
62383,0
3791,1
39010,1
28691,1
46430,1
42236,1
26132,0
8959,1
48811,1
31015,1
53620,0
17068,1
26,0
12600,1
48155,1
14720,1
54943,0
50015,0
34479,1
61538,0
31649,1
35255,1
30059,1
29425,1
38107,1
12831,1
39117,1
34395,1
22186,1
7548,1
33930,1
48825,1
35869,1
4179,1
52791,0
12454,1
20351,1
58241,0
48352,1
19739,1
21240,1
25299,0
28761,1
59848,0
23710,1
30896,1
2967,0
32772,1
16502,1
6918,1
55108,0
25171,0
7196,1
26489,0
4226,1
21032,1
31727,1
963,0
11525,1
16360,1
16910,1
52039,0
3904,1
50525,1
52589,0
49443,1
19446,1
10244,1
38659,1
8250,1
50992,1
44296,1
15203,1
30306,1
44387,1
33242,1
46754,1
19972,1
44919,1
17317,1
27301,0
16942,1
33532,1
50246,1
21602,1
39451,1
24635,1
32037,1
1111,0
9161,1
27022,0
247,0
17544,1
61411,0
2513,0
6408,1
58736,0
24014,1
62314,0
19883,1
10906,1
25847,0
47041,1
34466,1
40584,1
16301,1
25997,0
39264,1
39549,1
42718,1
39388,1
26553,0
62416,0
54605,0
58826,0
31997,1
36491,1
33206,1
1377,0
35247,1
55564,0
22690,1
1370,0
19627,1
58842,0
47051,1
15515,1
58001,0
3225,1
61353,0
17733,1
4269,1
57617,0
6420,1
6651,1
61788,0
4466,1
16954,1
16773,1
6054,1
15933,1
50590,1
57069,0
36017,1
61618,0
9175,1
37133,1
59867,0
26726,0
21399,1
11703,1
11912,1
13389,1
32970,1
46997,1
25485,0
5119,1
4566,1
51228,0
24688,1
13524,1
16068,1
2628,0
16904,1
50230,1
43737,1
42081,1
49081,1
59686,0
2531,0
36457,1
58421,0
18959,1
7167,1
23653,1
18281,1
51241,0
47753,1
60440,0
46770,1
60450,0
40010,1
32641,1
25314,0
14587,1
32507,1
55628,0
33184,1
14234,1
59347,0
43875,1
47603,1
619,0
2599,0
43397,1
23868,1
44943,1
61323,0
16414,1
29354,1
1980,0
8059,1
5078,1
51094,1
1351,0
45917,1
59801,0
25443,0
33926,1
2262,0
10565,1
58739,0
20820,1
19993,1
60834,0
26438,0
9132,1
41704,1
35731,1
25558,0
255,0
24528,1
45894,1
10225,1
54879,0
60662,0
36490,1
26761,0
735,0
12618,1
48053,1
10823,1
23998,1
34343,1
18453,1
3695,1
14506,1
6874,1
53535,0
42155,1
2443,0
54441,0
41919,1
41504,1
15129,1
26014,0
42500,1
18013,1
10668,1
21430,1
11197,1
46096,1
19326,1
31575,1
62098,0
10517,1
47870,1
43191,1
23331,1
39975,1
36618,1
24286,1
49925,1
37468,1
62502,0
5879,1
26315,0
7659,1
5549,1
22857,1
48227,1
38235,1
22235,1
13115,1
13651,1
10474,1
22487,1
38568,1
52180,0
26648,0
868,0
13210,1
43748,1
968,0
12723,1
18748,1
51192,0
48743,1
29047,1
52248,0
16780,1
50712,1
2506,0
2092,0
53433,0
55351,0
38871,1
49583,1
23160,1
23100,1
8230,1
45175,1
21422,1
5216,1
21495,1
47810,1
17588,1
9581,1
14665,1
56890,1
30048,1
18627,1
51918,0
54822,0
29433,1
9562,1
35970,1
61659,0
49753,1
47336,1
9801,1
54396,0
7168,1
19794,1
40799,1
27646,0
41160,1
32246,1
35678,1
12776,1
40978,1
50857,1
7686,1
34271,1
40497,1
58079,0
14008,1
39269,1
58710,0
36225,1
9212,1
2835,0
14580,1
30804,1
60888,0
8950,1
5522,1
4548,1
6268,1
22445,1
10880,1
60145,0
853,0
55868,0
25404,0
42660,1
33963,1
62403,0
15924,1
27497,0
52065,0
36817,1
22136,1
60572,0
53132,0
55654,0
23806,1
61770,0
31013,1
13810,1
24851,1
57192,0
19166,1
48390,1
60968,0
9560,1
28792,1
4712,1
43677,1
35582,1
32476,1
40739,1
28117,0
48953,1
34587,1
20945,1
47295,1
12955,1
16653,1
53364,0
41885,1
40740,1
49312,1
43025,1
15466,1
10002,1
43169,1
15251,1
31287,1
44699,1
16905,1
37134,1
17352,1
46046,1
9177,1
3883,1
21611,1
13643,1
48474,1
25406,0
10499,1
19340,1
40456,1
16669,1
33445,1
51665,0
59894,0
23530,1
19666,1
31122,1
55948,0
50841,1
7994,1
35759,1
4557,1
14981,1
22865,1
48942,1
35377,1
6964,1
42048,1
34010,1
48935,1
62562,0
14937,1
19433,1
10914,1
61025,0
5399,1
45232,1
57315,0
16210,1
31175,1
54337,0
12207,1
27587,0
1183,0
34622,1
34180,1
55106,0
37960,1
3716,1
60318,0
14235,1
28039,0
47253,1
37048,1
51977,0
40027,1
26265,0
5369,1
43997,1
40815,1
5624,1
16455,1
13327,1
9896,1
29208,1
16137,1
13201,1
5672,1
18264,1
27528,0
4683,1
7440,1
26402,0
36226,1
19208,1
41731,1
53682,0
17204,1
2424,0
4165,1
28600,1
5440,1
8274,1
18398,1
20761,1
28185,1
59439,0
38396,1
10135,1
14528,1
27550,0
16926,1
26318,0
30004,1
19963,1
22557,1
57919,0
25649,0
19102,1
52339,0
11594,1
38513,1
22026,1
19181,1
60642,0
11845,1
62417,0
36006,1
58971,0
48697,1
35348,1
62215,0
2171,0
25389,0
58435,0
1491,0
17249,1
24890,1
47850,1
47930,1
54064,0
21739,1
45146,1
52652,0
43107,1
39196,1
52845,0
34230,1
52661,0
8015,1
43933,1
27041,0
7348,1
58987,0
57661,0
60856,0
52882,0
42608,1
53131,0
7323,1
36280,1
37143,1
34336,1
30609,1
15347,1
48201,1
14246,1
9838,1
49801,1
18455,1
22895,1
13773,1
47134,1
30480,1
7205,1
41820,1
10562,1
42148,1
34522,1
51936,0
20617,1
51606,0
40014,1
28102,0
41742,1
32439,1
18855,1
24314,1
32785,1
39701,1
26167,0
57683,0
3443,1
8258,1
51634,0
5407,1
543,0
11089,1
26245,0
53529,0
55571,0
62580,0
48694,1
34377,1
57987,0
45802,1
6733,1
44548,1
27442,0
46942,1
50406,1
15252,1
35499,1
40768,1
29573,1
37660,1
8090,1
24744,1
1240,0
10064,1
2853,0
51220,0
26567,0
30477,1
44246,1
18233,1
9548,1
40176,1
13442,1
25004,0
55086,0
47787,1
36566,1
7202,1
47139,1
7755,1
49641,1
8540,1
55644,0
28546,1
5168,1
25934,0
53402,0
48574,1
35084,1
41392,1
1128,0
30082,1
32360,1
31156,1
23770,1
36040,1
61530,0
32212,1
37634,1
16621,1
9481,1
20546,1
47251,1
54732,0
25355,0
40513,1
22395,1
9644,1
55894,0
30085,1
43925,1
10026,1
39769,1
26847,0
54766,0
13999,1
12254,1
37018,1
59131,0
2712,0
60729,0
61608,0
6319,1
21893,1
849,0
30922,1
41568,1
41246,1
61965,0
41349,1
18574,1
57225,0
59333,0
27210,0
20696,1
43261,1
54865,0
32833,1
24498,1
4345,1
45396,1
50489,1
39436,1
48252,1
58568,0
33735,1
24482,1
24678,1
27112,0
20815,1
26206,0
12453,1
45137,1
40287,1
2452,0
60262,0
45693,1
41730,1
35706,1
37370,1
13402,1
18797,1
47608,1
54800,0
21949,1
36449,1
39821,1
53076,0
57266,0
54893,0
22867,1
48032,1
55233,0
48453,1
15428,1
28158,0
42318,1
419,0
52851,0
24696,1
40570,1
50936,1
26283,0
34529,1
50854,1
36665,1
58534,0
59013,0
7829,1
4815,1
9490,1
20278,1
11057,1
47210,1
59030,0
20323,1
18953,1
22024,1
34021,1
49531,1
14451,1
40746,1
52119,0
10035,1
53911,0
50143,1
60165,0
18218,1
6565,1
47481,1
29190,1
61151,0
1127,0
13919,1
52697,0
18790,1
55607,0
3770,1
42125,1
5868,1
44958,1
30333,1
20187,1
47885,1
19489,1
32870,1
18402,1
10926,1
49650,1
10784,1
37822,1
22924,1
31371,1
9882,1
57789,0
47809,1
40741,1
35697,1
40973,1
40621,1
10364,1
42907,1
23785,1
53621,0
16812,1
54815,0
38938,1
57288,0
24242,1
36220,1
36448,1
47844,1
31573,1
51076,1
33106,1
9088,1
17534,1
51541,0
17910,1
44976,1
54778,0
8322,1
51725,0
4936,1
36935,1
14262,1
13729,1
3764,1
16221,1
46089,1
57133,0
11887,1
41183,1
10701,1
4434,1
57215,0
1055,0
31123,1
33002,1
15684,1
479,0
9870,1
48946,1
34862,1
45392,1
32451,1
51124,1
54160,0
26331,0
24055,1
23462,1
27132,0
55263,0
16656,1
30619,1
56957,0
35092,1
5248,1
54435,0
8109,1
43108,1
58521,0
32919,1
2560,0
22276,1
52946,0
16878,1
15003,1
17501,1
37436,1
11576,1
29867,1
40899,1
34007,1
28099,0
10419,1
1510,0
53536,0
51327,0
17610,1
56409,0
60284,0
25029,0
21828,1
54981,0
31773,1
10725,1
30746,1
54886,0
59377,0
17422,1
32525,1
28957,1
13985,1
45379,1
42715,1
6180,1
54154,0
52417,0
3546,1
44718,1
47146,1
43753,1
11562,1
2094,0
5385,1
13459,1
35202,1
45437,1
6236,1
44618,1
19909,1
15022,1
520,0
17853,1
13173,1
48646,1
838,0
939,0
47868,1
865,0
38611,1
12610,1
55012,0
38106,1
6675,1
44634,1
51610,0
7764,1
30095,1
56333,0
47807,1
55544,0
20340,1
47431,1
48868,1
5517,1
14957,1
3699,1
6069,1
22143,1
15051,1
372,0
8827,1
56847,0
61227,0
35156,1
15433,1
56498,0
14971,1
43720,1
27175,0
44115,1
52675,0
47973,1
16209,1
14481,1
60490,0
45269,1
24405,1
45581,1
62001,0
51066,1
5729,1
20348,1
19092,1
3010,0
56369,0
4134,1
57886,0
26444,0
27420,0
47708,1
42919,1
33666,1
42659,1
17267,1
34619,1
13558,1
1552,0
962,0
62188,0
4199,1
28705,1
26425,0
49025,1
60970,0
51418,0
44268,1
22381,1
61046,0
25495,0
11111,1
16408,1
26810,0
9019,1
27264,0
18322,1
15608,1
25750,0
46790,1
4214,1
1737,0
11995,1
62614,0
20086,1
8835,1
21167,1
31958,1
41319,1
48198,1
11706,1
58242,0
14900,1
35948,1
53147,0
45010,1
58071,0
24371,1
49186,1
33259,1
53349,0
46266,1
48595,1
8767,1
9056,1
48066,1
34437,1
26452,0
62551,0
26670,0
39819,1
61037,0
5521,1
47606,1
55944,0
26913,0
45032,1
29789,1
54883,0
10400,1
9416,1
51178,0
49567,1
31800,1
47580,1
43777,1
15934,1
25644,0
47278,1
50652,1
56203,0
57792,0
55239,0
13719,1
28341,1
48225,1
19753,1
32610,1
46167,1
24492,1
32938,1
18230,1
1506,0
29100,1
11148,1
23471,1
42140,1
58946,0
87,0
12136,1
18083,1
58561,0
1756,0
26540,0
37347,1
51129,1
55372,0
62297,0
34915,1
46281,1
27648,0
15818,1
62115,0
3548,1
49549,1
17817,1
38113,1
33385,1
57784,0
59066,0
60441,0
47287,1
45627,1
43134,1
25292,0
33639,1
8168,1
21890,1
16025,1
40633,1
19849,1
59229,0
25058,0
9871,1
17368,1
52656,0
2009,0
35088,1
15113,1
25598,0
52947,0
5716,1
56633,0
36320,1
4429,1
24686,1
38727,1
48723,1
43011,1
21110,1
20661,1
60457,0
28146,0
17344,1
58118,0
49802,1
8951,1
51277,0
35176,1
13282,1
17887,1
41565,1
22094,1
14239,1
41357,1
52629,0
215,0
32062,1
61144,0
11855,1
13627,1
52146,0
23780,1
3882,1
18103,1
61164,0
49722,1
44988,1
13136,1
43795,1
48926,1
28222,1
616,0
20134,1
11570,1
6573,1
21179,1
26500,0
59399,0
36189,1
27379,0
19120,1
21744,1
19217,1
12557,1
40335,1
22677,1
27543,0
30687,1
7955,1
35946,1
39088,1
40934,1
36555,1
33317,1
25880,0
9754,1
18359,1
3965,1
28540,1
50653,1
21290,1
11736,1
13421,1
19406,1
19511,1
38814,1
48653,1
46468,1
713,0
51229,0
39160,1
33059,1
44413,1
30839,1
51841,0
30987,1
1544,0
23316,1
2462,0
16215,1
42328,1
55853,0
21754,1
42712,1
19472,1
5992,1
62530,0
38110,1
13536,1
47674,1
32469,1
8683,1
42675,1
27348,0
54173,0
60266,0
39828,1
61864,0
53736,0
37006,1
61831,0
38852,1
10360,1
45987,1
24229,1
33319,1
46523,1
27840,0
20422,1
12660,1
20632,1
18481,1
34001,1
22869,1
51288,0
29419,1
3704,1
46799,1
48548,1
6793,1
20431,1
52187,0
34704,1
36503,1
21282,1
28227,1
22328,1
13989,1
5694,1
22097,1
10925,1
22778,1
36045,1
15332,1
3715,1
14907,1
57415,0
22135,1
30370,1
17831,1
34057,1
11813,1
53891,0
45446,1
58584,0
39472,1
49833,1
4983,1
28065,0
49138,1
23593,1
3504,1
58253,0
48674,1
13925,1
35515,1
55495,0
41651,1
19384,1
1759,0
1717,0
16049,1
48205,1
2027,0
42583,1
43735,1
16024,1
57888,0
21865,1
48801,1
6911,1
6044,1
43434,1
3321,1
58275,0
28080,0
40948,1
44305,1
11695,1
18182,1
51319,0
1892,0
16058,1
42144,1
42111,1
9434,1
40156,1
23731,1
1971,0
43182,1
54777,0
45922,1
38029,1
27745,0
40427,1
31704,1
61314,0
7860,1
16359,1
12332,1
9698,1
18597,1
48185,1
28936,1
42100,1
33917,1
18751,1
24246,1
47392,1
25493,0
62225,0
38286,1
61652,0
44330,1
14001,1
7533,1
48636,1
57115,0
52650,0
19964,1
35850,1
4450,1
13424,1
57984,0
14586,1
12401,1
53288,0
10628,1
39955,1
60231,0
7065,1
18515,1
21056,1
16842,1
36309,1
2155,0
43502,1
3874,1
1171,0
39877,1
35111,1
24152,1
17211,1
59745,0
35504,1
27127,0
8592,1
41223,1
49405,1
10749,1
8128,1
43118,1
7968,1
48622,1
14988,1
61721,0
12811,1
40705,1
14899,1
34122,1
45994,1
48524,1
6229,1
58123,0
51118,1
15541,1
58367,0
12912,1
35548,1
36003,1
11633,1
12163,1
9952,1
28709,1
20573,1
1750,0
53193,0
51732,0
27488,0
29930,1
52258,0
13704,1
59926,0
12952,1
44156,1
22805,1
54840,0
35794,1
27299,0
36619,1
33113,1
34194,1
29609,1
44316,1
47213,1
22750,1
21724,1
58966,0
54980,0
41512,1
22469,1
30973,1
42987,1
42837,1
22453,1
47670,1
46684,1
2625,0
11329,1
40671,1
12648,1
38399,1
3588,1
2766,0
31328,1
9413,1
47395,1
38522,1
30495,1
30191,1
45867,1
12932,1
34608,1
59355,0
41499,1
6636,1
54042,0
48096,1
16933,1
17787,1
52839,0
8848,1
44044,1
19764,1
55613,0
9615,1
51290,0
22401,1
22774,1
31502,1
716,0
23312,1
47577,1
16348,1
27923,0
19035,1
55995,0
18221,1
41119,1
24444,1
14323,1
45048,1
6460,1
1214,0
9582,1
36330,1
43774,1
7571,1
20060,1
37961,1
52024,0
43488,1
13735,1
17876,1
5182,1
58174,0
600,0
46923,1
34810,1
48353,1
35424,1
56970,0
377,0
27453,0
12727,1
10941,1
33219,1
16592,1
40664,1
47713,1
15367,1
37854,1
24583,1
43751,1
20849,1
41435,1
45412,1
36246,1
49428,1
45249,1
45408,1
33130,1
2662,0
35530,1
12687,1
51091,1
57447,0
23042,1
8256,1
26232,0
9944,1
62561,0
39929,1
22885,1
49963,1
32943,1
48033,1
45561,1
52469,0
15181,1
39768,1
39287,1
25380,0
31600,1
14705,1
53445,0
45133,1
17659,1
13734,1
56149,0
23699,1
33114,1
40396,1
17399,1
52139,0
18124,1
20717,1
4756,1
20914,1
62317,0
25063,0
10069,1
17271,1
62500,0
9026,1
58990,0
4355,1
40658,1
28244,1
31500,1
11297,1
36071,1
26549,0
9972,1
13803,1
45720,1
48012,1
37374,1
56846,0
20698,1
40996,1
23999,1
28438,1
29460,1
14566,1
37979,1
22837,1
48639,1
56643,0
58100,0
42242,1
2608,0
27904,0
42796,1
33048,1
53654,0
35720,1
61252,0
32812,1
52954,0
41612,1
3058,0
24849,1
10145,1
19215,1
11892,1
1826,0
2972,0
57041,0
33361,1
40308,1
41969,1
52892,0
44553,1
38209,1
41487,1
57210,0
45011,1
58104,0
58122,0
58947,0
44878,1
24592,1
32450,1
18032,1
34201,1
34817,1
50882,1
37819,1
3489,1
50825,1
13722,1
47209,1
9392,1
36461,1
31859,1
8515,1
52407,0
31582,1
23025,1
42968,1
58114,0
61016,0
40607,1
48219,1
19407,1
16105,1
50357,1
42572,1
1782,0
47158,1
50779,1
37546,1
60051,0
135,0
24622,1
13083,1
32583,1
6416,1
38335,1
52990,0
15526,1
16478,1
2025,0
13079,1
20517,1
29512,1
51274,0
9953,1
11979,1
38108,1
54091,0
20262,1
12297,1
36620,1
45177,1
43186,1
61254,0
34591,1
23341,1
10798,1
24370,1
47341,1
57699,0
30544,1
54726,0
21109,1
28275,1
32998,1
13486,1
22640,1
15144,1
51836,0
5397,1
54970,0
14122,1
18513,1
22795,1
32572,1
35219,1
61177,0
32663,1
19444,1
2041,0
35003,1
46123,1
34656,1
37922,1
15783,1
43382,1
10444,1
20028,1
52966,0
36171,1
16989,1
39499,1
3972,1
31409,1
10512,1
14265,1
3160,0
17158,1
45791,1
45208,1
19710,1
47978,1
4035,1
16970,1
6843,1
41443,1
7744,1
55284,0
4503,1
14452,1
7184,1
7537,1
58431,0
11509,1
45456,1
25119,0
6463,1
38944,1
61376,0
61524,0
5924,1
58059,0
50509,1
60695,0
44980,1
13888,1
48570,1
55968,0
44504,1
33343,1
16008,1
19226,1
54101,0
44189,1
9721,1
6594,1
45617,1
19230,1
47384,1
18864,1
37905,1
36804,1
14888,1
19672,1
48706,1
44105,1
8539,1
23044,1
30362,1
47073,1
28140,0
279,0
56513,0
15855,1
1209,0
30289,1
38783,1
22916,1
20634,1
17419,1
60538,0
41702,1
770,0
28788,1
5474,1
30754,1
50588,1
5613,1
5928,1
31603,1
37303,1
43168,1
2692,0
39943,1
13290,1
52448,0
153,0
10176,1
47980,1
2233,0
24778,1
62114,0
45400,1
22234,1
28595,1
25571,0
19126,1
37128,1
41722,1
38991,1
2183,0
39333,1
26226,0
6170,1
24095,1
51240,0
23310,1
14713,1
4725,1
61674,0
4338,1
29802,1
37871,1
8141,1
57721,0
54909,0
31480,1
12979,1
12213,1
55392,0
58243,0
2732,0
55231,0
62000,0
17519,1
40494,1
3415,1
61169,0
38845,1
34138,1
21854,1
25867,0
44286,1
17297,1
48386,1
58082,0
22875,1
61416,0
4898,1
43072,1
14151,1
11740,1
4762,1
23926,1
42786,1
26371,0
51793,0
49214,1
61877,0
15680,1
32860,1
21640,1
28491,1
1798,0
36143,1
5257,1
590,0
15804,1
36517,1
26369,0
4924,1
26217,0
8631,1
15522,1
45247,1
44765,1
51252,0
11510,1
29993,1
57343,0
15979,1
20518,1
52137,0
43079,1
35151,1
20075,1
40367,1
17339,1
39920,1
54713,0
54724,0
29234,1
40016,1
31190,1
59725,0
36180,1
60294,0
58028,0
28584,1
51152,0
60788,0
26457,0
6108,1
19988,1
2690,0
57644,0
39062,1
40890,1
17277,1
55243,0
10684,1
21648,1
2187,0
35189,1
14679,1
35393,1
43551,1
30388,1
10209,1
24745,1
47228,1
29895,1
53765,0
5663,1
10212,1
16809,1
9063,1
12467,1
21410,1
35195,1
36172,1
20564,1
30227,1
27419,0
19482,1
35235,1
17248,1
23602,1
46106,1
56622,0
48407,1
29176,1
2825,0
38956,1
22080,1
37653,1
53238,0
8273,1
8051,1
35078,1
47615,1
39385,1
34743,1
4987,1
24603,1
43823,1
47318,1
38112,1
34960,1
54125,0
40626,1
15290,1
36844,1
60084,0
24168,1
1652,0
29560,1
37064,1
25684,0
52831,0
1066,0
59398,0
33158,1
4669,1
46423,1
2004,0
34712,1
60992,0
18104,1
43614,1
27092,0
30015,1
23611,1
4126,1
5036,1
52368,0
1296,0
62251,0
50123,1
33893,1
51490,0
26620,0
50761,1
51198,0
10653,1
23516,1
49252,1
30825,1
16732,1
54708,0
49466,1
30273,1
58643,0
62445,0
30909,1
15499,1
17560,1
47272,1
17205,1
9125,1
51953,0
2995,0
27281,0
22212,1
10885,1
52561,0
27444,0
50477,1
18541,1
23041,1
35034,1
42581,1
10066,1
49786,1
22644,1
22979,1
20430,1
60103,0
61026,0
47304,1
34158,1
24199,1
40721,1
12989,1
47595,1
1246,0
56124,0
23207,1
8236,1
55299,0
57374,0
13855,1
13789,1
40919,1
27246,0
27958,0
4378,1
52900,0
38771,1
30601,1
5266,1
41799,1
41202,1
61320,0
26972,0
32906,1
36988,1
6120,1
14517,1
212,0
16356,1
12536,1
49396,1
9466,1
34089,1
12320,1
10898,1
15902,1
28853,1
30878,1
7864,1
6125,1
35661,1
23744,1
26686,0
61996,0
5836,1
8018,1
27107,0
25770,0
26675,0
9439,1
16204,1
27854,0
25941,0
55569,0
58571,0
17847,1
29682,1
4013,1
53327,0
61428,0
10056,1
60997,0
44192,1
49592,1
18875,1
51165,0
56681,0
57532,0
55426,0
56103,0
20753,1
52573,0
48965,1
58651,0
43989,1
2902,0
17401,1
18212,1
30967,1
11913,1
37066,1
22515,1
35077,1
44817,1
56353,0
16794,1
9614,1
2095,0
41724,1
54022,0
2809,0
30788,1
19008,1
39810,1
32814,1
41946,1
48049,1
33879,1
43620,1
31166,1
19455,1
7863,1
15118,1
43145,1
58632,0
39757,1
13199,1
6439,1
10509,1
51306,0
23965,1
14822,1
50202,1
49461,1
1414,0
8471,1
61483,0
6823,1
7822,1
43390,1
37139,1
41560,1
55343,0
31620,1
10452,1
28067,0
9008,1
52219,0
41106,1
9379,1
44950,1
60014,0
46370,1
51197,0
30339,1
13899,1
56478,0
4040,1
22962,1
16354,1
53667,0
51377,0
53671,0
40045,1
54764,0
29454,1
36694,1
2983,0
38103,1
674,0
52866,0
18720,1
1040,0
48733,1
21532,1
59802,0
15313,1
39222,1
48869,1
41959,1
17754,1
33564,1
3453,1
31780,1
59012,0
41226,1
18869,1
57601,0
6615,1
10579,1
44061,1
51670,0
54142,0
40545,1
1588,0
23420,1
28316,1
34155,1
44047,1
52201,0
48015,1
31439,1
54956,0
3854,1
50222,1
44232,1
32390,1
53735,0
4744,1
45402,1
38982,1
47834,1
44338,1
31837,1
42114,1
27702,0
18119,1
48256,1
7251,1
16218,1
7874,1
31219,1
2281,0
4297,1
24729,1
45479,1
34482,1
3754,1
10718,1
37458,1
5250,1
28495,1
27200,0
7408,1
16211,1
40516,1
4052,1
50150,1
6490,1
53196,0
14282,1
60679,0
36658,1
56909,0
9702,1
36262,1
49345,1
15950,1
49425,1
51856,0
29441,1
12863,1
5179,1
21513,1
27697,0
29229,1
52755,0
60795,0
17074,1
42012,1
45423,1
463,0
52409,0
11347,1
5059,1
37766,1
12817,1
29401,1
57676,0
22568,1
26380,0
57541,0
50617,1
49351,1
27102,0
31420,1
17885,1
36549,1
40118,1
27158,0
30670,1
32612,1
43175,1
10907,1
7273,1
46890,1
21524,1
30502,1
57398,0
29448,1
41525,1
16997,1
35723,1
12107,1
23229,1
24873,1
51083,1
6270,1
14457,1
21333,1
1433,0
28945,1
16122,1
62400,0
38676,1
51684,0
39074,1
55408,0
3399,1
22093,1
43452,1
38117,1
58231,0
27894,0
50024,1
52242,0
4893,1
41449,1
33876,1
49117,1
11891,1
47427,1
6949,1
28466,1
37344,1
47201,1
44601,1
56375,0
38365,1
15211,1
3542,1
38822,1
22281,1
56220,0
36824,1
27413,0
55637,0
2976,0
29987,1
46974,1
36303,1
16378,1
45157,1
17080,1
62093,0
15105,1
17240,1
14973,1
32326,1
62622,0
46221,1
39937,1
9342,1
44205,1
35909,1
23137,1
12446,1
13439,1
57953,0
11592,1
8188,1
11503,1
23216,1
37901,1
55653,0
32109,1
38043,1
43217,1
56660,0
17507,1
55395,0
34934,1
35269,1
37734,1
2357,0
18783,1
45905,1
54480,0
26376,0
39536,1
61017,0
24180,1
21265,1
34683,1
22074,1
1586,0
13460,1
47680,1
40402,1
9138,1
50491,1
61278,0
54752,0
30479,1
1366,0
36916,1
12180,1
56155,0
10162,1
11129,1
13444,1
51499,0
4616,1
54798,0
2655,0
60531,0
43905,1
23402,1
59805,0
18634,1
39839,1
34936,1
46303,1
50481,1
43242,1
53393,0
29730,1
27831,0
14829,1
56422,0
34974,1
13080,1
5778,1
45083,1
60786,0
59004,0
49760,1
38314,1
38173,1
48058,1
16060,1
20193,1
57032,0
10556,1
12631,1
7969,1
27531,0
56486,0
24312,1
27225,0
38478,1
48115,1
58171,0
34609,1
54415,0
15768,1
41557,1
9623,1
41556,1
7350,1
29201,1
30341,1
35977,1
24092,1
38699,1
20690,1
17371,1
30368,1
39923,1
58498,0
1665,0
39285,1
16490,1
52865,0
36548,1
4906,1
36650,1
11115,1
4120,1
55913,0
33215,1
26573,0
109,0
14866,1
58607,0
807,0
48508,1
58274,0
51655,0
22346,1
26104,0
59698,0
19793,1
31247,1
47229,1
43782,1
27946,0
57411,0
12433,1
5208,1
31654,1
50407,1
38500,1
664,0
45808,1
23598,1
25026,0
10072,1
1548,0
49992,0
45649,1
20365,1
48710,1
11063,1
16064,1
11520,1
15330,1
42998,1
57063,0
9556,1
22491,1
52744,0
57972,0
31951,1
16500,1
18049,1
33492,1
61011,0
28187,1
21575,1
11080,1
7843,1
27987,0
21287,1
9496,1
22249,1
28561,1
26279,0
40745,1
26812,0
21391,1
4030,1
42666,1
48796,1
52415,0
29732,1
29287,1
30939,1
24257,1
9714,1
4220,1
23790,1
42413,1
51882,0
5837,1
5959,1
54117,0
10666,1
62537,0
19442,1
47548,1
27101,0
57364,0
14410,1
34801,1
14718,1
36454,1
52171,0
33318,1
51790,0
19064,1
29430,1
1180,0
43715,1
57941,0
49131,1
10418,1
8976,1
22836,1
11166,1
29724,1
51384,0
18776,1
29472,1
22707,1
16700,1
33136,1
29350,1
21378,1
4960,1
32187,1
30279,1
47238,1
20253,1
41179,1
46149,1
48909,1
1090,0
16987,1
36587,1
53395,0
40389,1
19294,1
36190,1
49283,1
45583,1
2723,0
14925,1
21442,1
10282,1
29480,1
54079,0
55422,0
38330,1
36777,1
39208,1
24772,1
12736,1
41410,1
32500,1
55580,0
58317,0
59016,0
45319,1
29255,1
62299,0
44131,1
9364,1
37106,1
47536,1
3928,1
6464,1
35040,1
49890,1
7413,1
20637,1
61706,0
20421,1
10516,1
57235,0
35136,1
22974,1
55707,0
48949,1
57476,0
52714,0
60965,0
42582,1
14825,1
17031,1
53796,0
57825,0
23339,1
27109,0
48403,1
14608,1
10879,1
5715,1
52363,0
44978,1
50165,1
56262,0
37837,1
7708,1
52051,0
4290,1
61159,0
27782,0
59167,0
43912,1
16814,1
56639,0
46510,1
2708,0
26507,0
24457,1
1292,0
57518,0
47621,1
58850,0
62289,0
25789,0
29691,1
37132,1
640,0
30921,1
7378,1
58458,0
54246,0
1142,0
18219,1
35776,1
10884,1
37725,1
49210,1
51895,0
28424,1
38284,1
56290,0
56318,0
31901,1
58404,0
6880,1
13265,1
61071,0
52358,0
34405,1
39484,1
55280,0
45039,1
54007,0
52696,0
15870,1
12348,1
12980,1
51741,0
11345,1
40459,1
38640,1
14842,1
44641,1
59835,0
34575,1
52536,0
1439,0
32457,1
8161,1
7559,1
54371,0
35906,1
1948,0
14642,1
27298,0
37108,1
32905,1
6507,1
33072,1
61414,0
2504,0
53165,0
46960,1
51245,0
19982,1
70,0
30365,1
3437,1
10312,1
56646,0
8472,1
33006,1
33911,1
28581,1
32598,1
62055,0
37485,1
32966,1
15699,1
38425,1
50526,1
32067,1
17427,1
26360,0
32147,1
623,0
12396,1
18037,1
16269,1
18644,1
18802,1
57787,0
43057,1
39758,1
62228,0
54288,0
49814,1
35319,1
46362,1
12077,1
30954,1
14953,1
48370,1
7469,1
20311,1
5532,1
14601,1
59414,0
37293,1
47949,1
26797,0
34720,1
29150,1
49887,1
17736,1
59372,0
16917,1
13148,1
2138,0
27665,0
36785,1
38496,1
22480,1
7312,1
38846,1
16031,1
18661,1
57168,0
58910,0
204,0
11732,1
31384,1
25784,0
53260,0
40205,1
8667,1
32007,1
55061,0
38665,1
852,0
21519,1
17089,1
2785,0
47806,1
47174,1
59714,0
44877,1
48817,1
25382,0
60190,0
16551,1
54058,0
23320,1
40434,1
5228,1
23973,1
20035,1
34259,1
29824,1
24455,1
39900,1
46736,1
20525,1
20990,1
39615,1
10613,1
38007,1
16263,1
39797,1
18007,1
12609,1
58879,0
698,0
24060,1
13035,1
41031,1
61773,0
43859,1
58451,0
52758,0
29618,1
35688,1
34335,1
29803,1
10217,1
46052,1
9023,1
20553,1
2323,0
60430,0
18678,1
43799,1
2036,0
19157,1
21759,1
38189,1
35179,1
39383,1
37753,1
45503,1
11383,1
18061,1
55427,0
24459,1
40219,1
31899,1
21523,1
46652,1
2918,0
40447,1
39713,1
39736,1
57342,0
24417,1
52786,0
51093,1
46016,1
4169,1
12682,1
4202,1
37087,1
35062,1
36780,1
17223,1
12611,1
26448,0
52880,0
7311,1
56747,0
17906,1
19851,1
37432,1
51386,0
33042,1
8549,1
40935,1
55216,0
59405,0
18163,1
41039,1
48342,1
37531,1
36862,1
30949,1
15761,1
33576,1
5956,1
30458,1
25670,0
61900,0
6908,1
46999,1
29728,1
17793,1
4154,1
60717,0
1901,0
62200,0
47004,1
267,0
24771,1
56356,0
42335,1
24105,1
7814,1
42920,1
6583,1
17503,1
6992,1
30648,1
27507,0
37570,1
29808,1
41877,1
29246,1
42347,1
31464,1
15044,1
39762,1
50023,1
57864,0
60871,0
33571,1
38486,1
50450,1
18408,1
44744,1
3884,1
50485,1
10307,1
3802,1
62615,0
55627,0
31550,1
6608,1
2845,0
33424,1
25143,0
12565,1
39061,1
45196,1
22548,1
53862,0
62567,0
1337,0
1210,0
47170,1
50985,1
46642,1
13105,1
8548,1
34564,1
7379,1
46238,1
45147,1
37193,1
25510,0
32152,1
51391,0
29556,1
18097,1
56915,0
16946,1
13638,1
59085,0
2031,0
15999,1
45897,1
46745,1
32730,1
5564,1
58462,0
27337,0
10442,1
11875,1
60434,0
5429,1
52433,0
61558,0
29362,1
10583,1
49870,1
30780,1
62046,0
15534,1
49472,1
37666,1
30033,1
36888,1
26080,0
44777,1
10205,1
18676,1
41589,1
43532,1
37310,1
32001,1
45911,1
54177,0
44290,1
10012,1
17957,1
34540,1
36118,1
34416,1
38035,1
29830,1
48343,1
44647,1
55334,0
17122,1
43021,1
40518,1
39545,1
17967,1
45434,1
45605,1
42931,1
56722,0
53691,0
604,0
36558,1
46636,1
60204,0
31785,1
27147,0
41293,1
26214,0
54810,0
17921,1
17414,1
22743,1
46075,1
5294,1
32990,1
26166,0
39372,1
3623,1
32847,1
60407,0
8794,1
61508,0
27026,0
15371,1
28254,1
60127,0
11485,1
27064,0
26785,0
22775,1
12997,1
37542,1
2194,0
28400,1
24469,1
15984,1
27955,0
31398,1
5471,1
40492,1
12617,1
42310,1
56949,0
14002,1
36827,1
47559,1
58937,0
53376,0
28624,1
8830,1
52958,0
37683,1
442,0
59683,0
36146,1
55969,0
12926,1
53084,0
62068,0
9121,1
54720,0
10851,1
47378,1
24948,1
15911,1
41371,1
23249,1
34018,1
61525,0
47071,1
26622,0
57490,0
54890,0
22790,1
11552,1
21541,1
20532,1
55163,0
22415,1
19708,1
9293,1
5661,1
46208,1
32669,1
4889,1
13286,1
19593,1
39170,1
17553,1
38743,1
9567,1
17066,1
23454,1
61768,0
47985,1
14289,1
14250,1
26737,0
44392,1
30656,1
33475,1
23094,1
6484,1
55221,0
3351,1
40873,1
27740,0
31885,1
53083,0
43067,1
10982,1
62160,0
25356,0
6829,1
29270,1
27628,0
37800,1
50874,1
5667,1
23498,1
61690,0
60934,0
42807,1
4981,1
17088,1
48209,1
12668,1
41775,1
52377,0
29497,1
31615,1
271,0
7407,1
38216,1
29753,1
12974,1
25896,0
27194,0
43919,1
13232,1
39823,1
57454,0
22606,1
33688,1
29422,1
32880,1
28965,1
4707,1
52303,0
21472,1
41664,1
4442,1
1789,0
7693,1
12406,1
27792,0
17800,1
45881,1
56665,0
37846,1
56128,0
7573,1
30587,1
27393,0
1904,0
36274,1
54190,0
50958,1
59645,0
43924,1
49079,1
25530,0
4713,1
40196,1
16448,1
35995,1
39707,1
31749,1
36015,1
50983,1
54447,0
35560,1
44218,1
205,0
42596,1
42516,1
11725,1
9451,1
55289,0
48457,1
36473,1
33471,1
32201,1
29195,1
59746,0
1916,0
49973,1
62582,0
43961,1
57964,0
45761,1
60858,0
49712,1
7401,1
15720,1
49521,1
41762,1
9934,1
13552,1
18332,1
35581,1
27307,0
17775,1
16802,1
18338,1
49575,1
1695,0
37817,1
51115,1
15619,1
9357,1
20867,1
42161,1
60754,0
60300,0
47419,1
31710,1
10084,1
36659,1
45021,1
21187,1
53787,0
27722,0
26947,0
9422,1
48988,1
49555,1
54525,0
17095,1
33283,1
31944,1
4223,1
326,0
3849,1
32174,1
56768,0
33906,1
52398,0
48246,1
21521,1
58720,0
11436,1
27394,0
26473,0
19848,1
37173,1
8597,1
14191,1
19315,1
47866,1
44321,1
57958,0
25905,0
6805,1
19100,1
58003,0
53452,0
36891,1
51339,0
18689,1
31876,1
45125,1
12552,1
37835,1
13995,1
6491,1
49981,1
32922,1
56530,0
62330,0
22255,1
27096,0
55803,0
23783,1
54092,0
10315,1
8735,1
30308,1
28170,0
35225,1
47839,1
17050,1
12272,1
22607,1
5043,1
27788,0
58713,0
32609,1
52685,0
10874,1
28193,1
6831,1
24931,1
37936,1
25535,0
55073,0
5513,1
22476,1
26943,0
23532,1
12149,1
56827,0
15474,1
10267,1
53005,0
26520,0
60008,0
19185,1
59319,0
57180,0
38531,1
52236,0
46040,1
27441,0
48939,1
51334,0
33984,1
33733,1
4732,1
19266,1
26589,0
48848,1
35945,1
32482,1
32551,1
19922,1
53167,0
54616,0
6684,1
20576,1
45637,1
8038,1
43805,1
179,0
18532,1
6593,1
61782,0
27032,0
32371,1
4367,1
7482,1
21641,1
21504,1
1265,0
8643,1
45053,1
56521,0
60369,0
21939,1
31231,1
51627,0
53722,0
21806,1
10965,1
2742,0
7437,1
30218,1
59815,0
40332,1
55491,0
41176,1
23663,1
44705,1
27703,0
4629,1
59697,0
4285,1
11556,1
2906,0
33923,1
62227,0
14816,1
27055,0
37439,1
16891,1
27153,0
1000,0
26646,0
5821,1
12986,1
60076,0
4088,1
61289,0
12475,1
56339,0
31351,1
27126,0
34864,1
18159,1
42856,1
41455,1
8395,1
6142,1
3993,1
765,0
199,0
16574,1
17193,1
29022,1
39234,1
55648,0
43623,1
6489,1
45198,1
57529,0
27067,0
58538,0
2663,0
24554,1
21346,1
39254,1
28989,1
39984,1
2503,0
52893,0
53565,0
51702,0
58067,0
26399,0
20392,1
3809,1
42949,1
16507,1
48162,1
631,0
15893,1
53582,0
13403,1
61211,0
52869,0
16778,1
29613,1
36573,1
26390,0
17746,1
49315,1
9544,1
6909,1
31822,1
11059,1
7445,1
17877,1
45865,1
8221,1
4604,1
4313,1
46363,1
31357,1
12238,1
25000,0
58798,0
52985,0
56416,0
27120,0
2537,0
10039,1
24600,1
45982,1
26615,0
21543,1
51006,1
40451,1
13743,1
47028,1
33435,1
49655,1
54263,0
52521,0
701,0
18785,1
39031,1
6612,1
42975,1
1267,0
697,0
55669,0
30972,1
42983,1
23013,1
61499,0
29873,1
16901,1
44933,1
60500,0
20543,1
116,0
56182,0
12627,1
8841,1
26178,0
32004,1
3162,0
8454,1
14286,1
15219,1
50475,1
25509,0
3434,1
43688,1
56125,0
37166,1
47799,1
61521,0
320,0
31618,1
53044,0
31038,1
28343,1
22459,1
43609,1
50986,1
148,0
30005,1
60559,0
35852,1
34006,1
19200,1
21043,1
34808,1
56848,0
23897,1
7996,1
60004,0
48922,1
48664,1
46542,1
32188,1
12676,1
9756,1
50562,1
59943,0
15616,1
6894,1
58117,0
33591,1
28308,1
615,0
44829,1
47835,1
10334,1
46519,1
39558,1
20162,1
15032,1
4301,1
3694,1
60360,0
54449,0
12702,1
61062,0
57213,0
49951,1
31523,1
9247,1
9586,1
9221,1
37826,1
5575,1
44235,1
8110,1
38376,1
33562,1
47948,1
16488,1
2747,0
14050,1
575,0
34804,1
37038,1
831,0
40883,1
53081,0
41323,1
47997,1
28361,1
32563,1
57720,0
6800,1
44322,1
51840,0
61803,0
49752,1
16531,1
31378,1
7617,1
5923,1
48113,1
61382,0
59220,0
23238,1
9419,1
3209,1
42511,1
54429,0
26645,0
16397,1
51609,0
44517,1
50885,1
48072,1
38027,1
19662,1
21019,1
24088,1
34160,1
15634,1
45534,1
59090,0
45342,1
23149,1
51959,0
17309,1
7370,1
28913,1
27530,0
37010,1
49279,1
30713,1
38582,1
19657,1
38036,1
39861,1
53215,0
9369,1
22891,1
30531,1
61347,0
56952,0
10502,1
38445,1
20159,1
38806,1
9111,1
60239,0
60005,0
48673,1
51207,0
54767,0
42454,1
37724,1
18651,1
52,0
54881,0
32120,1
62458,0
40471,1
24594,1
17810,1
56170,0
14309,1
38867,1
44954,1
37580,1
30642,1
46091,1
59646,0
10726,1
2563,0
1886,0
20017,1
55896,0
8217,1
43327,1
27994,0
21165,1
36391,1
39123,1
44632,1
45690,1
58668,0
44252,1
15134,1
10460,1
57485,0
19250,1
50977,1
35015,1
35872,1
30634,1
9150,1
10722,1
39834,1
15819,1
20647,1
57127,0
48092,1
40914,1
40677,1
50251,1
53521,0
21666,1
49171,1
49635,1
6713,1
60777,0
2533,0
15380,1
50034,1
35839,1
38979,1
48212,1
57,0
20577,1
13340,1
52155,0
3021,0
11721,1
4237,1
20603,1
12141,1
6620,1
2933,0
22332,1
8381,1
33663,1
53458,0
9849,1
44140,1
27610,0
49339,1
12525,1
49907,1
53944,0
52218,0
33519,1
7884,1
22816,1
22544,1
445,0
7757,1
11526,1
61225,0
55626,0
14569,1
10303,1
42791,1
19209,1
28317,1
7127,1
1735,0
43691,1
51315,0
39661,1
31361,1
29529,1
31368,1
40042,1
39783,1
16014,1
30643,1
37996,1
51486,0
4870,1
43732,1
17595,1
21439,1
35203,1
22005,1
33827,1
51033,1
61903,0
1288,0
20223,1
31562,1
23863,1
54716,0
36081,1
24741,1
53358,0
32519,1
